current,average,maxod,time,hour,temp,threads,min
0.02412573625904111,0.02412573625904111,0,1720466913.0954313,0.0012553172222222223,23.125,8,0.0
0.024000732444227426,0.024000732444227426,0,1720466918.1105814,0.002648413055555556,23.125,8,0.0
0.02387572862941374,0.02387572862941374,0,1720466923.1195948,0.004039811388888889,23.875,8,0.0
0.02387572862941374,0.02387572862941374,0,1720466928.1306896,0.005431781388888889,23.875,8,0.0
0.023125705740531632,0.023125705740531632,0,1720466933.140388,0.006823361111111111,23.875,7,0.0
0.023125705740531632,0.023125705740531632,0,1720466938.1552997,0.008216398055555555,23.9375,7,0.0
0.023750724814600055,0.023750724814600055,0,1720466943.166124,0.009608287777777778,23.9375,7,0.0
0.02362572099978637,0.02362572099978637,0,1720466948.1782668,0.011000546666666666,23.9375,7,0.0
0.023250709555345316,0.023250709555345316,0,1720466953.1885986,0.012392304166666668,23.9375,7,0.0
0.02300070192571795,0.02300070192571795,0,1720466958.2039278,0.013785456666666666,23.9375,7,0.0
0.023250709555345316,0.023250709555345316,0,1720466963.2123961,0.015176701388888889,23.9375,7,0.0
0.022750694296090578,0.022750694296090578,0,1720466968.2208107,0.016567927222222223,23.9375,7,0.0
0.023500717184972687,0.023500717184972687,0,1720466973.2325702,0.017960076111111112,23.9375,7,0.0
0.026125797296060058,0.026125797296060058,0,1720466978.2430458,0.019351879166666665,23.9375,7,0.0
0.02550077822199164,0.02550077822199164,0,1720466983.2555914,0.020744255555555556,24.0,7,0.0
0.02450074770348216,0.02450074770348216,0,1720466988.2667813,0.02213625277777778,24.0,7,0.0
0.023750724814600055,0.023750724814600055,0,1720466993.2769794,0.023527971944444444,23.9375,7,0.0
0.02387572862941374,0.02387572862941374,0,1720466998.288282,0.0249200025,24.0,7,0.0
0.02362572099978637,0.02362572099978637,0,1720467003.299402,0.02631197611111111,24.0,7,0.0
0.02362572099978637,0.02362572099978637,0,1720467008.3101456,0.027703849722222222,23.9375,7,0.0
0.023500717184972687,0.023500717184972687,0,1720467013.3212895,0.0290958375,23.9375,7,0.0
0.023500717184972687,0.023500717184972687,0,1720467018.3314753,0.030487546944444444,24.0,7,0.0
0.023375713370159,0.023375713370159,0,1720467023.3391745,0.03187858166666667,24.0,7,0.0
0.022625690481276894,0.022625690481276894,0,1720467028.3522246,0.03327109472222222,24.0,7,0.0
0.023125705740531632,0.023125705740531632,0,1720467033.364653,0.03466344,24.0,7,0.0
0.026500808740501113,0.026500808740501113,0,1720467038.379254,0.03605637972222222,24.0,7,0.0
0.0250007629627369,0.0250007629627369,0,1720467043.3932424,0.03744915277777777,24.0,7,0.0
0.024750755333109532,0.024750755333109532,0,1720467048.4062257,0.038841639444444444,24.0,7,0.0
0.024250740073854794,0.024250740073854794,0,1720467053.4202225,0.04023442972222222,24.0,7,0.0
0.023500717184972687,0.023500717184972687,0,1720467058.4329064,0.04162684138888889,24.0,7,0.0
0.023500717184972687,0.023500717184972687,0,1720467063.443404,0.04301864833333333,24.0,7,0.0
0.023250709555345316,0.023250709555345316,0,1720467068.4521832,0.04440997527777778,24.0,7,0.0
0.02287569811090426,0.02287569811090426,0,1720467073.4609866,0.04580130611111111,24.0625,7,0.0
0.023250709555345316,0.023250709555345316,0,1720467078.4707341,0.0471929025,24.0625,7,0.0
0.02387572862941374,0.02387572862941374,0,1720467083.480481,0.0485845025,24.0625,7,0.0
0.023125705740531632,0.023125705740531632,0,1720467088.4942183,0.04997720666666667,24.0625,7,0.0
0.023250709555345316,0.023250709555345316,0,1720467093.5044599,0.05136894138888889,24.0625,7,0.0
0.02800085451826533,0.02800085451826533,0,1720467098.5152123,0.05276081111111111,24.0625,7,0.0
0.0250007629627369,0.0250007629627369,0,1720467103.5256703,0.05415260861111111,24.0625,7,0.0
0.024375743888668477,0.024375743888668477,0,1720467108.538606,0.05554509055555555,24.0625,7,0.0
0.024000732444227426,0.024000732444227426,0,1720467113.5498497,0.05693710138888889,24.0625,7,0.0
0.02387572862941374,0.02387572862941374,0,1720467118.5645852,0.058330084166666664,24.0625,7,0.0
0.024250740073854794,0.024250740073854794,0,1720467123.5843196,0.05972445611111111,24.0625,7,0.0
0.024750755333109532,0.024750755333109532,0,1720467128.5940402,0.0611160475,24.0625,7,0.0
0.024375743888668477,0.024375743888668477,0,1720467133.6051583,0.06250801916666666,24.0625,7,0.0
0.02362572099978637,0.02362572099978637,0,1720467138.6198382,0.06390098833333333,24.0625,7,0.0
0.023750724814600055,0.023750724814600055,0,1720467143.630784,0.06529291138888889,24.0625,7,0.0
0.02362572099978637,0.02362572099978637,0,1720467148.641695,0.06668484027777778,24.0625,7,0.0
0.024000732444227426,0.024000732444227426,0,1720467153.6517882,0.06807653222222222,24.0625,7,0.0
0.02750083925901059,0.02750083925901059,0,1720467158.6631439,0.06946856555555556,24.0625,7,0.0
0.02575078585161901,0.02575078585161901,0,1720467163.6714683,0.07085977694444445,24.0625,7,0.0
0.02525077059236427,0.02525077059236427,0,1720467168.6805499,0.07225118944444445,24.0625,7,0.0
0.023500717184972687,0.023500717184972687,0,1720467173.6911705,0.07364302555555556,24.0625,7,0.0
0.023750724814600055,0.023750724814600055,0,1720467178.7006848,0.07503456,24.0625,7,0.0
0.023500717184972687,0.023500717184972687,0,1720467183.7129922,0.07642686805555556,24.0625,7,0.0
0.02387572862941374,0.02387572862941374,0,1720467188.7227998,0.07781847111111112,24.0625,7,0.0
0.023500717184972687,0.023500717184972687,0,1720467193.7338245,0.07921043222222222,24.0625,7,0.0
0.023750724814600055,0.023750724814600055,0,1720467198.7405288,0.0806011811111111,24.0625,7,0.0
0.023750724814600055,0.023750724814600055,0,1720467203.7483153,0.08199223166666667,24.0625,7,0.0
0.024000732444227426,0.024000732444227426,0,1720467208.7598808,0.08338433444444444,24.0625,7,0.0
0.02387572862941374,0.02387572862941374,0,1720467213.7701445,0.08477607472222222,24.0625,7,0.0
0.026125797296060058,0.026125797296060058,0,1720467218.779142,0.08616745194444445,24.0625,7,0.0
0.02550077822199164,0.02550077822199164,0,1720467223.788331,0.08755888666666667,24.0625,7,0.0
0.02525077059236427,0.025625782036805326,0,1720467228.8169513,0.08895573916666666,24.0625,7,0.0
0.02575078585161901,0.02575078585161901,0,1720467233.825179,0.09034691833333333,24.0625,7,0.0
0.025375774407177955,0.025375774407177955,0,1720467238.9414375,0.09176809416666666,24.0625,7,0.0
0.025625782036805326,0.025625782036805326,0,1720467243.9898329,0.09317043194444444,24.0625,7,0.0
0.02462575151829585,0.02462575151829585,0,1720467249.0658848,0.09458044583333333,24.0625,7,0.0
0.024750755333109532,0.024750755333109532,0,1720467254.2146895,0.0960106675,24.0625,7,0.0
0.02575078585161901,0.02575078585161901,0,1720467259.2692704,0.09741471944444445,24.125,7,0.0
0.02525077059236427,0.02525077059236427,0,1720467264.2836602,0.09880760805555555,24.0625,7,0.0
0.024875759147923216,0.024875759147923216,0,1720467269.2945826,0.10019952555555556,24.0625,7,0.0
0.0250007629627369,0.0250007629627369,0,1720467274.3055897,0.10159147194444446,24.0625,7,0.0
0.028875881221961122,0.028875881221961122,0,1720467279.3450475,0.10299132583333334,24.0625,7,0.0
0.02775084688863796,0.02775084688863796,0,1720467284.3857684,0.10439152777777778,24.0625,7,0.0
0.027125827814569535,0.027125827814569535,0,1720467289.4455562,0.10579701944444443,24.125,7,0.0
0.026875820184942167,0.026875820184942167,0,1720467294.5447268,0.10721345555555555,24.0625,8,0.0
0.026500808740501113,0.026500808740501113,0,1720467299.653463,0.10863255166666666,24.125,7,0.0
0.026625812555314796,0.026625812555314796,0,1720467304.750932,0.11004850861111111,24.125,7,0.0
0.02637580492568743,0.02637580492568743,0,1720467309.7663817,0.11144169416666666,24.0625,7,0.0
0.025875789666432693,0.025875789666432693,0,1720467314.7763305,0.11283334111111111,24.125,7,0.0
0.025875789666432693,0.025875789666432693,0,1720467319.7881608,0.11422552305555556,24.125,8,0.0
0.025375774407177955,0.025375774407177955,0,1720467324.8026605,0.11561843972222222,24.0625,7,0.0
0.024375743888668477,0.024375743888668477,0,1720467329.818446,0.11701171555555555,24.0625,7,0.0
0.03187597277748955,0.03187597277748955,0,1720467334.8262527,0.11840277444444444,24.125,7,0.0
0.03037592699972533,0.03037592699972533,0,1720467339.838803,0.11979514333333334,24.125,7,0.0
0.02775084688863796,0.02775084688863796,0,1720467344.8517637,0.12118763277777779,24.0625,7,0.0
0.026000793481246377,0.026000793481246377,0,1720467349.8688757,0.12258127444444446,24.0625,7,0.0
0.026500808740501113,0.026500808740501113,0,1720467354.8791716,0.12397302361111111,24.125,7,0.0
0.02525077059236427,0.02525077059236427,0,1720467359.8873022,0.1253641722222222,24.125,7,0.0
0.02575078585161901,0.02575078585161901,0,1720467364.8973978,0.12675586305555556,24.0625,7,0.0
0.02525077059236427,0.02525077059236427,0,1720467369.906817,0.12814737361111112,24.125,7,0.0
0.025125766777550587,0.025125766777550587,0,1720467374.915411,0.12953864944444443,24.125,7,0.0
0.02550077822199164,0.02550077822199164,0,1720467379.9243858,0.13093002944444443,24.125,7,0.0
0.0250007629627369,0.0250007629627369,0,1720467384.9373791,0.13232252694444444,24.125,7,0.0
0.02525077059236427,0.02525077059236427,0,1720467389.9502347,0.13371499055555555,24.0625,7,0.0
0.03312601092562639,0.02525077059236427,0,1720467394.9582226,0.13510609055555556,24.125,7,0.0
0.02862587359233375,0.02862587359233375,0,1720467399.9659913,0.13649714500000001,24.0625,7,0.0
0.026750816370128484,0.026750816370128484,0,1720467404.9770834,0.13788910916666666,24.125,7,0.0
0.026625812555314796,0.026625812555314796,0,1720467409.990197,0.13928164666666668,24.125,7,0.0
0.026000793481246377,0.026000793481246377,0,1720467415.0074947,0.14067533666666668,24.0625,7,0.0
0.02575078585161901,0.02575078585161901,0,1720467420.0171287,0.1420669013888889,24.0625,7,0.0
0.025125766777550587,0.025125766777550587,0,1720467425.02802,0.14345881944444444,24.0625,7,0.0
0.02525077059236427,0.02525077059236427,0,1720467430.0381744,0.14485052916666666,24.125,7,0.0
0.0250007629627369,0.0250007629627369,0,1720467435.048092,0.14624215361111112,24.125,7,0.0
0.02462575151829585,0.02462575151829585,0,1720467440.058854,0.14763403166666667,24.125,7,0.0
0.02525077059236427,0.02525077059236427,0,1720467445.069108,0.1490257861111111,24.125,7,0.0
0.0250007629627369,0.0250007629627369,0,1720467450.082937,0.15041851694444444,24.0625,7,0.0
0.029875911740470596,0.029875911740470596,0,1720467455.0973387,0.1518114038888889,24.0625,7,0.0
0.027625843073824274,0.027625843073824274,0,1720467460.108938,0.15320351694444442,24.0625,7,0.0
0.026625812555314796,0.026625812555314796,0,1720467465.1198397,0.15459543027777778,24.0625,7,0.0
0.025625782036805326,0.025625782036805326,0,1720467470.1341324,0.15598829166666667,24.125,7,0.0
0.025625782036805326,0.025625782036805326,0,1720467475.147767,0.15738096944444446,24.0625,7,0.0
0.024875759147923216,0.024875759147923216,0,1720467480.1562233,0.15877220833333336,24.0625,7,0.0
0.025125766777550587,0.025125766777550587,0,1720467485.1648912,0.16016350666666665,24.125,7,0.0
0.0250007629627369,0.0250007629627369,0,1720467490.1760268,0.16155548472222223,24.125,7,0.0
0.02462575151829585,0.02462575151829585,0,1720467495.1845345,0.1629467375,24.125,7,0.0
0.024875759147923216,0.024875759147923216,0,1720467500.1971114,0.16433912083333335,24.125,7,0.0
0.024000732444227426,0.024000732444227426,0,1720467505.2030206,0.16572965194444444,24.125,7,0.0
0.024250740073854794,0.024250740073854794,0,1720467510.2088976,0.16712017333333332,24.125,7,0.0
0.028375865962706383,0.028375865962706383,0,1720467515.2133672,0.1685103063888889,24.0625,7,0.0
0.028250862147892696,0.028250862147892696,0,1720467520.2186055,0.16990064777777777,24.125,7,0.0
0.027250831629383222,0.027250831629383222,0,1720467525.2239063,0.17129100944444445,24.125,7,0.0
0.026875820184942167,0.026875820184942167,0,1720467530.300531,0.17270118555555558,24.0625,7,0.0
0.02750083925901059,0.02750083925901059,0,1720467535.3956459,0.1741164938888889,24.0625,7,0.0
0.027125827814569535,0.027250831629383222,0,1720467540.4589994,0.17552296805555556,24.125,7,0.0
0.027125827814569535,0.027125827814569535,0,1720467545.4630134,0.17691298611111111,24.0625,7,0.0
0.027250831629383222,0.027250831629383222,0,1720467550.469916,0.17830378722222223,24.0625,7,0.0
0.02700082399975585,0.02700082399975585,0,1720467555.4797652,0.17969541444444445,24.125,7,0.0
0.027375835444196906,0.027375835444196906,0,1720467560.5017543,0.18109041388888888,24.125,7,0.0
0.027125827814569535,0.027125827814569535,0,1720467565.5245993,0.18248564833333333,24.0625,7,0.0
0.027375835444196906,0.027375835444196906,0,1720467570.5492685,0.18388138888888889,24.125,7,0.0
0.032876003295999025,0.032876003295999025,0,1720467575.5723548,0.1852766911111111,24.125,7,0.0
0.031250953703421125,0.031250953703421125,0,1720467580.6538544,0.1866882175,24.0625,7,0.0
0.028875881221961122,0.028875881221961122,0,1720467585.6586397,0.18807843555555556,24.0625,7,0.0
0.02912588885158849,0.02912588885158849,0,1720467590.6650434,0.18946910277777776,24.0625,7,0.0
0.028250862147892696,0.028250862147892696,0,1720467595.670728,0.19085957055555558,24.0625,7,0.0
0.02800085451826533,0.02800085451826533,0,1720467600.6767054,0.19225011888888888,24.0625,7,0.0
0.027875850703451645,0.02800085451826533,0,1720467605.6822424,0.1936405472222222,24.0625,7,0.0
0.027625843073824274,0.027625843073824274,0,1720467610.687211,0.19503081611111112,24.0625,7,0.0
0.02800085451826533,0.027125827814569535,0,1720467615.6928985,0.19642128527777777,24.0625,7,0.0
0.027625843073824274,0.02750083925901059,0,1720467620.6981113,0.1978116216666667,24.125,7,0.0
0.02800085451826533,0.02800085451826533,0,1720467625.703119,0.19920190138888888,24.125,7,0.0
0.027250831629383222,0.02750083925901059,0,1720467630.7086642,0.20059233138888888,24.125,7,0.0
0.03475106051820429,0.03475106051820429,0,1720467635.7119358,0.20198213055555556,24.0625,7,0.0
0.030750938444166386,0.030750938444166386,0,1720467640.7159767,0.20337214305555557,24.0625,7,0.0
0.03037592699972533,0.029750907925656912,0,1720467645.7198317,0.20476210027777778,24.0625,7,0.0
0.028875881221961122,0.028250862147892696,0,1720467650.7261705,0.20615275083333334,24.125,7,0.0
0.02775084688863796,0.028125858333079012,0,1720467655.730619,0.2075428752777778,24.125,7,0.0
0.027250831629383222,0.02775084688863796,0,1720467660.737723,0.20893373722222225,24.125,7,0.0
0.02775084688863796,0.02775084688863796,0,1720467665.743693,0.210324285,24.125,7,0.0
0.027875850703451645,0.027625843073824274,0,1720467670.7503946,0.21171503472222222,24.0625,7,0.0
0.02750083925901059,0.02750083925901059,0,1720467675.756231,0.2131055441666667,24.125,9,0.0
0.026875820184942167,0.026750816370128484,0,1720467680.7627683,0.21449625,24.125,7,0.0
0.026875820184942167,0.026875820184942167,0,1720467685.768702,0.21588678694444446,24.125,7,0.0
0.027250831629383222,0.027125827814569535,0,1720467690.774182,0.21727719833333334,24.125,7,0.0
0.027250831629383222,0.027250831629383222,0,1720467695.7789223,0.21866740361111112,24.125,7,0.0
0.03400103762932219,0.03400103762932219,0,1720467700.7842383,0.2200577702777778,24.125,7,0.0
0.028875881221961122,0.028875881221961122,0,1720467705.7905424,0.2214484091666667,24.0625,7,0.0
0.028375865962706383,0.028375865962706383,0,1720467710.7969904,0.22283908833333335,24.0625,7,0.0
0.02800085451826533,0.02700082399975585,0,1720467715.802717,0.22422956833333332,24.0625,7,0.0
0.02775084688863796,0.02800085451826533,0,1720467720.80895,0.22562018916666665,24.125,7,0.0
0.028125858333079012,0.028125858333079012,0,1720467725.8143492,0.22701057805555555,24.125,7,0.0
0.026625812555314796,0.026625812555314796,0,1720467730.8211555,0.22840135638888887,24.125,7,0.0
0.026875820184942167,0.026875820184942167,0,1720467735.826777,0.2297918075,24.0625,7,0.0
0.026750816370128484,0.026750816370128484,0,1720467740.832838,0.23118238,24.0625,7,0.0
0.026625812555314796,0.026625812555314796,0,1720467745.838691,0.23257289333333334,24.0625,7,0.0
0.026125797296060058,0.026125797296060058,0,1720467750.8449206,0.23396351416666666,24.0625,7,0.0
0.03175096896267586,0.03175096896267586,0,1720467755.8495471,0.23535368944444443,24.0625,7,0.0
0.029750907925656912,0.029750907925656912,0,1720467760.85476,0.23674402666666666,24.0625,7,0.0
0.02775084688863796,0.02775084688863796,0,1720467765.8609512,0.23813463305555554,24.0625,7,0.0
0.027375835444196906,0.027375835444196906,0,1720467770.8669157,0.2395251786111111,24.0625,7,0.0
0.02550077822199164,0.02550077822199164,0,1720467775.8728044,0.24091570333333331,24.0625,7,0.0
0.026125797296060058,0.026125797296060058,0,1720467780.879146,0.24230635305555556,24.0625,7,0.0
0.026000793481246377,0.026000793481246377,0,1720467785.8853304,0.24369696055555556,24.0625,7,0.0
0.02637580492568743,0.02637580492568743,0,1720467790.891377,0.24508752833333333,24.0625,7,0.0
0.026000793481246377,0.026000793481246377,0,1720467795.8977766,0.24647819555555556,24.0625,7,0.0
0.02550077822199164,0.02550077822199164,0,1720467800.9052603,0.24786916277777776,24.0625,7,0.0
0.02550077822199164,0.02550077822199164,0,1720467805.9113476,0.2492597425,24.0625,7,0.0
0.02525077059236427,0.02525077059236427,0,1720467810.917336,0.25065029527777777,24.0625,7,0.0
0.03400103762932219,0.03400103762932219,0,1720467815.921899,0.2520404538888889,24.0625,7,0.0
0.03037592699972533,0.03037592699972533,0,1720467820.927442,0.2534308797222222,24.0625,7,0.0
0.027875850703451645,0.027875850703451645,0,1720467825.933366,0.25482141722222224,24.0625,7,0.0
0.026625812555314796,0.026625812555314796,0,1720467830.9722435,0.2562211052777778,24.0625,7,0.0
0.026750816370128484,0.026750816370128484,0,1720467835.979163,0.25761191333333333,24.0625,7,0.0
0.026500808740501113,0.026500808740501113,0,1720467841.0519805,0.25902103000000004,24.0625,7,0.0
0.02637580492568743,0.02637580492568743,0,1720467846.2415333,0.26046257472222223,24.0625,7,0.0
0.02637580492568743,0.026125797296060058,0,1720467851.308471,0.2618700552777778,24.0625,7,0.0
0.026625812555314796,0.026625812555314796,0,1720467856.3177404,0.2632615194444445,24.0625,7,0.0
0.026000793481246377,0.026000793481246377,0,1720467861.3221283,0.26465162722222224,24.0625,7,0.0
0.026125797296060058,0.026500808740501113,0,1720467866.327068,0.2660418872222222,24.0625,7,0.0
0.025875789666432693,0.025875789666432693,0,1720467871.4436996,0.2674631763888889,24.0625,8,0.0
0.02575078585161901,0.02575078585161901,0,1720467876.4384575,0.26885060944444444,24.0625,7,0.0
0.029250892666402174,0.029250892666402174,0,1720467881.4439557,0.2702410258333333,24.0625,7,0.0
0.028500869777520067,0.028500869777520067,0,1720467886.4813461,0.27164029361111114,24.0625,7,0.0
0.026500808740501113,0.027125827814569535,0,1720467891.5005827,0.2730345138888889,24.0625,7,0.0
0.02700082399975585,0.02700082399975585,0,1720467896.5072968,0.2744252844444444,24.0625,7,0.0
0.026625812555314796,0.026625812555314796,0,1720467901.5128307,0.27581571083333334,24.0625,7,0.0
0.026250801110873745,0.026250801110873745,0,1720467906.5195448,0.2772064644444444,24.0625,7,0.0
0.026125797296060058,0.025375774407177955,0,1720467911.5245156,0.2785967341666667,24.0625,7,0.0
0.025625782036805326,0.02637580492568743,0,1720467916.5298557,0.2799871072222222,24.0625,7,0.0
0.026000793481246377,0.026250801110873745,0,1720467921.5372279,0.2813780444444444,24.0625,7,0.0
0.02575078585161901,0.02575078585161901,0,1720467926.5435514,0.2827686888888889,24.0625,7,0.0
0.02637580492568743,0.02637580492568743,0,1720467931.548719,0.2841590144444444,24.0625,7,0.0
0.030750938444166386,0.030750938444166386,0,1720467936.5543554,0.28554946833333333,24.0625,8,0.0
0.028250862147892696,0.028250862147892696,0,1720467941.5582292,0.2869394341666667,24.0625,7,0.0
0.027125827814569535,0.027125827814569535,0,1720467946.5636892,0.28832983888888886,24.0625,7,0.0
0.026500808740501113,0.02700082399975585,0,1720467951.5716777,0.2897209480555556,24.0625,7,0.0
0.02637580492568743,0.02637580492568743,0,1720467956.577377,0.2911114194444444,24.0625,7,0.0
0.025875789666432693,0.025875789666432693,0,1720467961.582604,0.2925017602777778,24.0625,7,0.0
0.02637580492568743,0.02575078585161901,0,1720467966.5885663,0.29389230555555557,24.0625,7,0.0
0.02525077059236427,0.026250801110873745,0,1720467971.5938632,0.29528266583333335,24.0625,7,0.0
0.025625782036805326,0.02525077059236427,0,1720467976.5990655,0.2966729997222222,24.0625,7,0.0
0.02575078585161901,0.026125797296060058,0,1720467981.6046526,0.2980634402777778,24.0625,7,0.0
0.02550077822199164,0.025375774407177955,0,1720467986.610249,0.29945388444444443,24.0,7,0.0
0.026000793481246377,0.02550077822199164,0,1720467991.6159472,0.3008443547222222,24.0,7,0.0
0.03112594988860744,0.03112594988860744,0,1720467996.619634,0.3022342705555556,24.0625,7,0.0
0.029500900296029545,0.03000091555528428,0,1720468001.6257484,0.3036248547222222,24.0625,7,0.0
0.02912588885158849,0.02800085451826533,0,1720468006.6302495,0.3050149955555555,24.0625,7,0.0
0.027375835444196906,0.02637580492568743,0,1720468011.6358426,0.3064054377777778,24.0,7,0.0
0.026875820184942167,0.026875820184942167,0,1720468016.6420605,0.30779605416666667,24.0,7,0.0
0.026250801110873745,0.026250801110873745,0,1720468021.6481686,0.30918663888888887,24.0625,7,0.0
0.026125797296060058,0.026125797296060058,0,1720468026.6543794,0.3105772505555555,24.0625,7,0.0
0.02525077059236427,0.026000793481246377,0,1720468031.6615875,0.31196814194444444,24.0,7,0.0
0.026250801110873745,0.026250801110873745,0,1720468036.667263,0.31335861055555553,24.0625,7,0.0
0.025875789666432693,0.025875789666432693,0,1720468041.6733756,0.31474919583333333,24.0625,7,0.0
0.026000793481246377,0.026125797296060058,0,1720468046.679717,0.3161398469444444,24.0625,7,0.0
0.02575078585161901,0.0250007629627369,0,1720468051.6859174,0.31753045583333334,24.0625,7,0.0
0.03037592699972533,0.03037592699972533,0,1720468056.6893387,0.31892029916666664,24.0625,7,0.0
0.02912588885158849,0.028250862147892696,0,1720468061.6962764,0.32031111222222225,24.0625,7,0.0
0.027375835444196906,0.027375835444196906,0,1720468066.7005384,0.32170118555555555,24.0,7,0.0
0.026250801110873745,0.02700082399975585,0,1720468071.7073967,0.32309198,24.0625,7,0.0
0.025875789666432693,0.02575078585161901,0,1720468076.7131646,0.32448247055555557,24.0625,7,0.0
0.026000793481246377,0.026000793481246377,0,1720468081.7196262,0.3258731541666666,24.0,7,0.0
0.02550077822199164,0.026125797296060058,0,1720468086.7249525,0.32726352249999996,24.0,7,0.0
0.025625782036805326,0.02525077059236427,0,1720468091.7316172,0.3286542633333333,24.0625,7,0.0
0.025625782036805326,0.026250801110873745,0,1720468096.7381845,0.3300449758333333,24.0,7,0.0
0.02525077059236427,0.025875789666432693,0,1720468101.7464359,0.33143615722222225,24.0,7,0.0
0.025375774407177955,0.024875759147923216,0,1720468106.751239,0.3328263802777778,24.0,7,0.0
0.02550077822199164,0.02575078585161901,0,1720468111.755854,0.3342165513888889,24.0,7,0.0
0.02862587359233375,0.02862587359233375,0,1720468116.7600796,0.3356066130555555,24.0625,7,0.0
0.028375865962706383,0.028375865962706383,0,1720468121.7653532,0.3369969672222223,24.0,7,0.0
0.028125858333079012,0.028125858333079012,0,1720468126.859798,0.3384120922222222,24.0625,8,0.0
0.027250831629383222,0.027250831629383222,0,1720468131.8716736,0.3398042783333333,24.0625,7,0.0
0.027125827814569535,0.027125827814569535,0,1720468136.9737105,0.3412215111111111,24.0,7,0.0
0.02775084688863796,0.02775084688863796,0,1720468141.9994814,0.34261756083333333,24.0,7,0.0
0.02775084688863796,0.027375835444196906,0,1720468147.006283,0.3440083363888889,24.0,7,0.0
0.027625843073824274,0.027625843073824274,0,1720468152.012454,0.34539894,24.0625,8,0.0
0.02800085451826533,0.027625843073824274,0,1720468157.0190024,0.3467896469444445,24.0625,7,0.0
0.027625843073824274,0.028125858333079012,0,1720468162.0251646,0.34818025,24.0,7,0.0
0.028125858333079012,0.026875820184942167,0,1720468167.071467,0.3495819997222222,24.0,8,0.0
0.027375835444196906,0.027375835444196906,0,1720468172.0786922,0.35097289666666664,24.0,7,0.0
0.034501052888576925,0.034501052888576925,0,1720468177.1698632,0.3523871111111111,24.0,7,0.0
0.03087594225898007,0.03087594225898007,0,1720468182.1805284,0.3537789591666667,24.0,8,0.0
0.02912588885158849,0.02912588885158849,0,1720468187.186109,0.3551693994444445,24.0,7,0.0
0.027875850703451645,0.027875850703451645,0,1720468192.1919084,0.3565598991666667,24.0,7,0.0
0.02800085451826533,0.02800085451826533,0,1720468197.1995902,0.3579509213888889,24.0,8,0.0
0.028125858333079012,0.028125858333079012,0,1720468202.2052095,0.3593413713888889,24.0,7,0.0
0.027125827814569535,0.027125827814569535,0,1720468207.2114472,0.36073199222222224,24.0,7,0.0
0.02775084688863796,0.02775084688863796,0,1720468212.2176902,0.3621226161111111,24.0,7,0.0
0.026875820184942167,0.026875820184942167,0,1720468217.2238538,0.36351321694444444,24.0,7,0.0
0.026500808740501113,0.026500808740501113,0,1720468222.2301695,0.36490383861111114,24.0,7,0.0
0.02700082399975585,0.02700082399975585,0,1720468227.2361357,0.36629440555555554,24.0,7,0.0
0.027125827814569535,0.027125827814569535,0,1720468232.2416203,0.36768481805555553,24.0,7,0.0
0.03175096896267586,0.03175096896267586,0,1720468237.2460513,0.36907494055555556,24.0,7,0.0
0.029500900296029545,0.029500900296029545,0,1720468242.2507613,0.37046513583333335,24.0,7,0.0
0.029000885036774806,0.029000885036774806,0,1720468247.256226,0.37185554277777777,24.0,7,0.0
0.028500869777520067,0.028500869777520067,0,1720468252.2616932,0.37324595027777774,24.0,7,0.0
0.02800085451826533,0.02800085451826533,0,1720468257.2673206,0.3746364025,24.0,7,0.0
0.026875820184942167,0.026875820184942167,0,1720468262.273124,0.3760269025,24.0,7,0.0
0.026875820184942167,0.026875820184942167,0,1720468267.2789936,0.3774174227777778,24.0,7,0.0
0.027375835444196906,0.027375835444196906,0,1720468272.2855783,0.3788081394444444,24.0,7,0.0
0.026750816370128484,0.026750816370128484,0,1720468277.2915342,0.3801986838888889,24.0,7,0.0
0.026875820184942167,0.026875820184942167,0,1720468282.2980142,0.3815893725,24.0,7,0.0
0.026875820184942167,0.026875820184942167,0,1720468287.3040187,0.3829799294444445,24.0,7,0.0
0.026250801110873745,0.026250801110873745,0,1720468292.3098202,0.38437042972222224,24.0,7,0.0
0.032125980407116915,0.032125980407116915,0,1720468297.314235,0.3857605463888889,24.0,7,0.0
0.028750877407147435,0.028750877407147435,0,1720468302.3191824,0.3871508083333333,24.0,7,0.0
0.028375865962706383,0.028375865962706383,0,1720468307.3251615,0.38854135722222227,24.0,7,0.0
0.026875820184942167,0.026875820184942167,0,1720468312.3320563,0.3899321613888889,24.0,7,0.0
0.026250801110873745,0.026250801110873745,0,1720468317.3383818,0.3913228075,24.0,7,0.0
0.026250801110873745,0.026250801110873745,0,1720468322.3442712,0.39271333249999996,24.0,7,0.0
0.026750816370128484,0.026750816370128484,0,1720468327.3506012,0.3941039794444444,24.0,7,0.0
0.02637580492568743,0.02637580492568743,0,1720468332.356999,0.3954946463888889,24.0,7,0.0
0.026000793481246377,0.026000793481246377,0,1720468337.3640535,0.39688549472222223,24.0,7,0.0
0.025625782036805326,0.025625782036805326,0,1720468342.3699813,0.3982760302777778,24.0,7,0.0
0.02637580492568743,0.02637580492568743,0,1720468347.375992,0.39966658861111115,24.0,7,0.0
0.025125766777550587,0.025125766777550587,0,1720468352.3820941,0.40105717222222226,24.0,7,0.0
0.0322509842219306,0.0322509842219306,0,1720468357.3867345,0.40244735277777777,24.0,7,0.0
0.028500869777520067,0.028500869777520067,0,1720468362.3918538,0.40383766083333333,24.0,7,0.0
0.027125827814569535,0.027125827814569535,0,1720468367.3975585,0.40522813500000004,24.0,7,0.0
0.02637580492568743,0.02637580492568743,0,1720468372.40432,0.40661890194444444,24.0,7,0.0
0.026000793481246377,0.026000793481246377,0,1720468377.4103763,0.4080094730555555,24.0,7,0.0
0.026000793481246377,0.026000793481246377,0,1720468382.4162958,0.4094000025,24.0,7,0.0
0.02575078585161901,0.02575078585161901,0,1720468387.4225295,0.4107906261111111,24.0,7,0.0
0.026250801110873745,0.026250801110873745,0,1720468392.4283583,0.4121811344444445,23.9375,7,0.0
0.025625782036805326,0.025625782036805326,0,1720468397.4347322,0.4135717936111111,24.0,7,0.0
0.025625782036805326,0.025625782036805326,0,1720468402.441395,0.4149625341666667,24.0,7,0.0
0.026125797296060058,0.026125797296060058,0,1720468407.4487057,0.4163534536111111,23.9375,7,0.0
0.025875789666432693,0.025875789666432693,0,1720468412.4551945,0.4177441438888889,24.0,7,0.0
0.02775084688863796,0.02775084688863796,0,1720468417.459247,0.4191341619444444,24.0,7,0.0
0.02912588885158849,0.02912588885158849,0,1720468422.464095,0.4205243891666667,24.0,7,0.0
0.028125858333079012,0.028125858333079012,0,1720468427.480792,0.4219179175,24.0,7,0.0
0.027875850703451645,0.027875850703451645,0,1720468432.488742,0.4233090102777778,24.0,7,0.0
0.02775084688863796,0.027375835444196906,0,1720468437.5142128,0.4247049855555556,24.0,7,0.0
0.027250831629383222,0.027875850703451645,0,1720468442.592376,0.4261155869444444,24.0,7,0.0
0.02750083925901059,0.02750083925901059,0,1720468447.6971016,0.42753356416666666,24.0,7,0.0
0.027375835444196906,0.027375835444196906,0,1720468452.701336,0.42892363111111115,24.0,7,0.0
0.02750083925901059,0.02750083925901059,0,1720468457.7069724,0.4303140836111111,24.0,7,0.0
0.02775084688863796,0.02775084688863796,0,1720468462.7130156,0.4317046508333333,24.0,7,0.0
0.02800085451826533,0.02800085451826533,0,1720468467.71937,0.4330953047222222,24.0,7,0.0
0.02800085451826533,0.027375835444196906,0,1720468472.7720008,0.43449881555555553,24.0,7,0.0
0.033751029999694815,0.033751029999694815,0,1720468477.8381796,0.43590608666666664,24.0,7,0.0
0.03037592699972533,0.03037592699972533,0,1720468482.850691,0.43729845194444444,24.0,7,0.0
0.028875881221961122,0.028875881221961122,0,1720468487.9373217,0.43871140472222225,24.0,8,0.0
0.029500900296029545,0.029500900296029545,0,1720468492.9437673,0.44010208500000003,24.0,7,0.0
0.02862587359233375,0.02862587359233375,0,1720468497.9497952,0.4414926486111111,24.0,7,0.0
0.028250862147892696,0.029000885036774806,0,1720468502.9547632,0.4428829169444444,24.0,7,0.0
0.028250862147892696,0.028250862147892696,0,1720468507.9606822,0.4442734480555556,23.9375,7,0.0
0.028875881221961122,0.028750877407147435,0,1720468512.9677553,0.4456643011111111,23.9375,7,0.0
0.028125858333079012,0.028375865962706383,0,1720468517.9770343,0.4470557677777778,24.0,7,0.0
0.02862587359233375,0.02862587359233375,0,1720468522.9840107,0.44844659583333335,24.0,7,0.0
0.02800085451826533,0.02800085451826533,0,1720468527.9968672,0.4498390538888889,23.9375,7,0.0
0.028125858333079012,0.028125858333079012,0,1720468533.0065584,0.45123063444444445,24.0,7,0.0
0.03275099948118534,0.03275099948118534,0,1720468538.0114164,0.4526208755555556,24.0,7,0.0
0.030625934629352702,0.030625934629352702,0,1720468543.016548,0.4540111897222222,24.0,7,0.0
0.029000885036774806,0.029000885036774806,0,1720468548.0245128,0.4554022891666667,24.0,7,0.0
0.02800085451826533,0.02800085451826533,0,1720468553.0303254,0.4567927925,24.0,7,0.0
0.027875850703451645,0.027875850703451645,0,1720468558.0369737,0.45818352805555557,24.0,7,0.0
0.027250831629383222,0.027250831629383222,0,1720468563.0427258,0.4595740144444444,24.0,7,0.0
0.02700082399975585,0.02700082399975585,0,1720468568.0485294,0.4609645158333333,24.0,7,0.0
0.026875820184942167,0.026875820184942167,0,1720468573.0544574,0.4623550505555556,24.0,7,0.0
0.027250831629383222,0.027250831629383222,0,1720468578.060308,0.463745565,24.0,7,0.0
0.027125827814569535,0.027125827814569535,0,1720468583.0668128,0.46513626055555557,24.0,7,0.0
0.026875820184942167,0.026875820184942167,0,1720468588.0721211,0.46652662472222217,24.0,7,0.0
0.02700082399975585,0.02700082399975585,0,1720468593.0783875,0.46791725444444443,24.0,7,0.0
0.032125980407116915,0.032125980407116915,0,1720468598.0824442,0.46930727222222224,24.0,7,0.0
0.03087594225898007,0.03087594225898007,0,1720468603.087304,0.47069750805555555,24.0,7,0.0
0.028500869777520067,0.028500869777520067,0,1720468608.0928588,0.47208794,23.9375,7,0.0
0.027875850703451645,0.027875850703451645,0,1720468613.0985658,0.47347841416666664,23.9375,7,0.0
0.026250801110873745,0.026250801110873745,0,1720468618.104118,0.4748688461111111,24.0,7,0.0
0.026250801110873745,0.026250801110873745,0,1720468623.1097636,0.4762593025,24.0,7,0.0
0.026750816370128484,0.026750816370128484,0,1720468628.1154728,0.4776497777777778,24.0,7,0.0
0.02637580492568743,0.02637580492568743,0,1720468633.1212246,0.47904026361111113,24.0,7,0.0
0.026625812555314796,0.026625812555314796,0,1720468638.1265225,0.480430625,23.9375,7,0.0
0.026000793481246377,0.026000793481246377,0,1720468643.1318212,0.4818209858333333,24.0,7,0.0
0.026125797296060058,0.026125797296060058,0,1720468648.1372077,0.48321137333333336,24.0,7,0.0
0.02637580492568743,0.02637580492568743,0,1720468653.1439605,0.48460213500000004,24.0,7,0.0
0.03262599566637166,0.03262599566637166,0,1720468658.1483903,0.48599225749999997,24.0,7,0.0
0.029000885036774806,0.029000885036774806,0,1720468663.1527672,0.48738236194444445,24.0,7,0.0
0.02800085451826533,0.02800085451826533,0,1720468668.1585371,0.4887728513888889,24.0,7,0.0
0.027375835444196906,0.027375835444196906,0,1720468673.1648083,0.4901634819444445,24.0,7,0.0
0.026875820184942167,0.026875820184942167,0,1720468678.1710076,0.4915540925,23.9375,7,0.0
0.026500808740501113,0.026500808740501113,0,1720468683.1790957,0.4929452283333334,24.0,7,0.0
0.02637580492568743,0.02637580492568743,0,1720468688.1851313,0.4943357941666667,24.0,7,0.0
0.026250801110873745,0.026250801110873745,0,1720468693.1914752,0.4957264444444444,24.0,7,0.0
0.026500808740501113,0.026500808740501113,0,1720468698.1974337,0.49711698944444443,23.9375,7,0.0
0.026000793481246377,0.026000793481246377,0,1720468703.2033997,0.4985075377777778,24.0,7,0.0
0.026625812555314796,0.026625812555314796,0,1720468708.209611,0.4998981488888889,23.9375,7,0.0
0.026000793481246377,0.026000793481246377,0,1720468713.2157161,0.5012887333333333,23.9375,7,0.0
0.028750877407147435,0.028750877407147435,0,1720468718.220101,0.5026788433333333,24.0,7,0.0
0.029750907925656912,0.029750907925656912,0,1720468723.2252707,0.5040691663888889,23.9375,7,0.0
0.028500869777520067,0.028500869777520067,0,1720468728.2311175,0.5054596791666667,23.9375,7,0.0
0.027875850703451645,0.027875850703451645,0,1720468733.3774292,0.50688921,24.0,7,0.0
0.028375865962706383,0.028375865962706383,0,1720468738.4202747,0.5082900030555555,24.0,7,0.0
0.028375865962706383,0.028375865962706383,0,1720468743.5591235,0.5097174577777778,24.0,7,0.0
0.028375865962706383,0.028375865962706383,0,1720468748.61232,0.5111211266666666,24.0,7,0.0
0.028125858333079012,0.028125858333079012,0,1720468753.617111,0.5125113441666667,23.9375,7,0.0
0.027875850703451645,0.027875850703451645,0,1720468758.6270018,0.5139029808333333,24.0,7,0.0
0.02775084688863796,0.02775084688863796,0,1720468763.631732,0.5152931844444445,24.0,7,0.0
0.028375865962706383,0.028375865962706383,0,1720468768.637247,0.5166836033333333,24.0,7,0.0
0.02775084688863796,0.02775084688863796,0,1720468773.710974,0.5180929747222222,23.9375,7,0.0
0.03262599566637166,0.03262599566637166,0,1720468778.8304527,0.5195150516666667,23.9375,7,0.0
0.03162596514786218,0.03162596514786218,0,1720468783.9784162,0.5209450422222222,23.9375,7,0.0
0.029500900296029545,0.029500900296029545,0,1720468788.9961362,0.5223388508333333,23.9375,7,0.0
0.027625843073824274,0.027625843073824274,0,1720468794.0086045,0.5237312036111111,23.9375,7,0.0
0.028500869777520067,0.028500869777520067,0,1720468799.0158284,0.5251220988888889,23.9375,7,0.0
0.02750083925901059,0.02750083925901059,0,1720468804.0213592,0.5265125244444444,23.9375,7,0.0
0.027375835444196906,0.027375835444196906,0,1720468809.0279458,0.5279032416666667,23.9375,7,0.0
0.027375835444196906,0.027375835444196906,0,1720468814.033921,0.5292937911111111,23.9375,7,0.0
0.027375835444196906,0.027375835444196906,0,1720468819.0394,0.5306842022222222,23.9375,7,0.0
0.02750083925901059,0.02750083925901059,0,1720468824.0469077,0.5320751761111111,23.9375,7,0.0
0.027875850703451645,0.027875850703451645,0,1720468829.052467,0.5334656097222222,23.9375,7,0.0
0.027875850703451645,0.027875850703451645,0,1720468834.057815,0.5348559838888889,23.9375,7,0.0
0.027250831629383222,0.027250831629383222,0,1720468839.0621467,0.5362460752777778,23.9375,7,0.0
0.03112594988860744,0.03112594988860744,0,1720468844.067002,0.5376363141666667,23.9375,7,0.0
0.02937589648121586,0.02937589648121586,0,1720468849.0723197,0.5390266791666667,23.9375,7,0.0
0.02962590411084323,0.02962590411084323,0,1720468854.0771685,0.5404169177777778,23.9375,7,0.0
0.027875850703451645,0.027875850703451645,0,1720468859.0822465,0.5418072152777778,23.9375,7,0.0
0.028875881221961122,0.028875881221961122,0,1720468864.0875404,0.5431975744444444,23.9375,7,0.0
0.028125858333079012,0.028125858333079012,0,1720468869.0928602,0.5445879411111111,23.9375,7,0.0
0.028375865962706383,0.028375865962706383,0,1720468874.0981956,0.5459783122222222,23.9375,7,0.0
0.028500869777520067,0.028500869777520067,0,1720468879.1034083,0.5473686483333333,23.9375,7,0.0
0.027625843073824274,0.027625843073824274,0,1720468884.1093426,0.5487591852777778,23.9375,7,0.0
0.028250862147892696,0.027625843073824274,0,1720468889.1148992,0.5501496183333333,23.9375,7,0.0
0.02750083925901059,0.02750083925901059,0,1720468894.1209173,0.551540178888889,23.9375,7,0.0
0.028250862147892696,0.028250862147892696,0,1720468899.1252449,0.5529302724999999,23.9375,7,0.0
0.03050093081453902,0.03050093081453902,0,1720468904.130116,0.5543205125,23.9375,7,0.0
0.028375865962706383,0.028375865962706383,0,1720468909.1358986,0.5557110072222222,23.9375,7,0.0
0.02937589648121586,0.02937589648121586,0,1720468914.141592,0.5571014777777777,23.9375,7,0.0
0.028125858333079012,0.028125858333079012,0,1720468919.1472979,0.5584919516666667,23.9375,7,0.0
0.026750816370128484,0.026750816370128484,0,1720468924.154371,0.5598828052777778,23.9375,7,0.0
0.027250831629383222,0.027250831629383222,0,1720468929.1609666,0.5612735255555555,23.9375,7,0.0
0.027375835444196906,0.027375835444196906,0,1720468934.1665022,0.5626639527777778,23.9375,7,0.0
0.026750816370128484,0.026750816370128484,0,1720468939.1724176,0.5640544833333334,23.9375,7,0.0
0.027125827814569535,0.027125827814569535,0,1720468944.1783106,0.5654450094444444,23.9375,7,0.0
0.027375835444196906,0.027375835444196906,0,1720468949.18441,0.5668355933333333,23.9375,7,0.0
0.027625843073824274,0.027625843073824274,0,1720468954.1904325,0.5682261502777778,23.9375,7,0.0
0.027375835444196906,0.027375835444196906,0,1720468959.1954262,0.5696164338888888,23.9375,7,0.0
0.028750877407147435,0.028750877407147435,0,1720468964.2010727,0.571006888888889,23.9375,7,0.0
0.028250862147892696,0.028250862147892696,0,1720468969.2071311,0.5723974597222222,23.9375,7,0.0
0.02700082399975585,0.02700082399975585,0,1720468974.2125504,0.573787855,23.9375,7,0.0
0.027250831629383222,0.027250831629383222,0,1720468979.2179916,0.5751782552777779,23.9375,7,0.0
0.027250831629383222,0.027250831629383222,0,1720468984.223768,0.5765687488888889,23.9375,7,0.0
0.026875820184942167,0.026875820184942167,0,1720468989.2296422,0.5779592686111111,23.9375,7,0.0
0.027125827814569535,0.027125827814569535,0,1720468994.235155,0.5793496894444445,23.9375,7,0.0
0.026750816370128484,0.026750816370128484,0,1720468999.2409003,0.5807401736111111,23.9375,7,0.0
0.02637580492568743,0.02637580492568743,0,1720469004.2465847,0.5821306419444444,23.9375,7,0.0
0.026750816370128484,0.026750816370128484,0,1720469009.2525861,0.5835211986111112,23.9375,7,0.0
0.026250801110873745,0.026250801110873745,0,1720469014.2588656,0.5849118305555555,23.9375,7,0.0
0.026125797296060058,0.026125797296060058,0,1720469019.263457,0.5863019980555556,23.9375,7,0.0
0.030750938444166386,0.030750938444166386,0,1720469024.2675257,0.5876920169444444,23.9375,7,0.0
0.028750877407147435,0.028750877407147435,0,1720469029.273134,0.5890824619444445,23.9375,7,0.0
0.02775084688863796,0.02775084688863796,0,1720469034.3991036,0.5905063441666667,23.9375,7,0.0
0.027250831629383222,0.027250831629383222,0,1720469039.4654045,0.5919136477777778,23.9375,7,0.0
0.027125827814569535,0.027125827814569535,0,1720469044.5652137,0.5933302608333333,23.9375,7,0.0
0.026625812555314796,0.026625812555314796,0,1720469049.5755286,0.5947220155555556,23.9375,7,0.0
0.026125797296060058,0.026125797296060058,0,1720469054.580696,0.5961123402777778,23.9375,7,0.0
0.026000793481246377,0.026000793481246377,0,1720469059.5857077,0.5975026219444445,23.9375,7,0.0
0.025625782036805326,0.025625782036805326,0,1720469064.5909688,0.5988929711111112,23.9375,9,0.0
0.025375774407177955,0.025375774407177955,0,1720469069.600996,0.6002846477777778,23.9375,7,0.0
0.02637580492568743,0.026125797296060058,0,1720469074.6575716,0.601689251388889,23.9375,7,0.0
0.03162596514786218,0.03162596514786218,0,1720469079.6654463,0.6030803280555556,23.875,7,0.0
0.029000885036774806,0.029250892666402174,0,1720469084.722641,0.6044851047222223,23.9375,7,0.0
0.027625843073824274,0.027625843073824274,0,1720469089.733691,0.6058770630555556,23.9375,7,0.0
0.026500808740501113,0.026500808740501113,0,1720469094.7390044,0.6072674261111111,23.9375,7,0.0
0.026500808740501113,0.026500808740501113,0,1720469099.743855,0.6086576641666667,23.9375,7,0.0
0.026000793481246377,0.026000793481246377,0,1720469104.74936,0.6100480805555555,23.9375,7,0.0
0.025375774407177955,0.025375774407177955,0,1720469109.755652,0.6114387166666667,23.9375,7,0.0
0.02575078585161901,0.02575078585161901,0,1720469114.761167,0.6128291377777778,23.875,7,0.0
0.025625782036805326,0.025625782036805326,0,1720469119.7672527,0.6142197172222222,23.9375,7,0.0
0.025875789666432693,0.025875789666432693,0,1720469124.7730742,0.6156102230555555,23.875,7,0.0
0.02575078585161901,0.02575078585161901,0,1720469129.7798543,0.6170009955555555,23.9375,7,0.0
0.025625782036805326,0.025625782036805326,0,1720469134.7854464,0.6183914375,23.9375,7,0.0
0.030625934629352702,0.030625934629352702,0,1720469139.7899742,0.6197815861111111,23.9375,7,0.0
0.027625843073824274,0.027625843073824274,0,1720469144.794113,0.6211716247222222,23.875,7,0.0
0.026875820184942167,0.026875820184942167,0,1720469149.799235,0.6225619341666667,23.9375,7,0.0
0.02575078585161901,0.02575078585161901,0,1720469154.8050218,0.6239524305555556,23.875,7,0.0
0.025625782036805326,0.025625782036805326,0,1720469159.8107238,0.6253429036111111,23.9375,7,0.0
0.025875789666432693,0.025875789666432693,0,1720469164.8172545,0.6267336061111111,23.875,7,0.0
0.025375774407177955,0.025375774407177955,0,1720469169.8230867,0.6281241155555555,23.9375,7,0.0
0.02575078585161901,0.02575078585161901,0,1720469174.8292432,0.6295147130555555,23.9375,7,0.0
0.02525077059236427,0.02525077059236427,0,1720469179.8353596,0.6309053016666667,23.9375,7,0.0
0.02575078585161901,0.02575078585161901,0,1720469184.8412626,0.6322958305555556,23.875,7,0.0
0.02525077059236427,0.02525077059236427,0,1720469189.847752,0.6336865208333333,23.875,7,0.0
0.025125766777550587,0.025125766777550587,0,1720469194.8547418,0.6350773527777779,23.9375,7,0.0
0.03087594225898007,0.03087594225898007,0,1720469199.8596447,0.6364676055555555,23.9375,7,0.0
0.028500869777520067,0.028500869777520067,0,1720469204.8638182,0.6378576538888889,23.875,7,0.0
0.027125827814569535,0.027125827814569535,0,1720469209.870903,0.6392485077777778,23.875,7,0.0
0.02575078585161901,0.02575078585161901,0,1720469214.8765216,0.6406389580555555,23.875,7,0.0
0.02575078585161901,0.02575078585161901,0,1720469219.8834155,0.6420297611111111,23.875,7,0.0
0.02550077822199164,0.02550077822199164,0,1720469224.889754,0.6434204116666666,23.875,7,0.0
0.02575078585161901,0.02575078585161901,0,1720469229.8959608,0.6448110244444445,23.875,7,0.0
0.025375774407177955,0.025375774407177955,0,1720469234.9015472,0.6462014644444445,23.9375,7,0.0
0.0250007629627369,0.0250007629627369,0,1720469239.9075484,0.6475920208333333,23.9375,7,0.0
0.02462575151829585,0.02462575151829585,0,1720469244.9136355,0.6489826008333334,23.9375,7,0.0
0.024750755333109532,0.024750755333109532,0,1720469249.9195352,0.6503731277777778,23.875,7,0.0
0.02550077822199164,0.02550077822199164,0,1720469254.9255836,0.6517636966666667,23.875,7,0.0
0.029750907925656912,0.029750907925656912,0,1720469259.930052,0.6531538294444444,23.875,7,0.0
0.027250831629383222,0.027250831629383222,0,1720469264.9343355,0.6545439088888889,23.875,7,0.0
0.026875820184942167,0.026875820184942167,0,1720469269.941047,0.6559346588888889,23.9375,7,0.0
0.02637580492568743,0.02637580492568743,0,1720469274.947086,0.6573252258333333,23.9375,7,0.0
0.025625782036805326,0.025625782036805326,0,1720469279.9531813,0.6587158074999999,23.9375,7,0.0
0.0250007629627369,0.0250007629627369,0,1720469284.959354,0.6601064116666666,23.875,7,0.0
0.0250007629627369,0.0250007629627369,0,1720469289.966371,0.6614972486111111,23.9375,7,0.0
0.024750755333109532,0.024750755333109532,0,1720469294.9748423,0.6628884916666666,23.875,7,0.0
0.024750755333109532,0.024750755333109532,0,1720469299.9850526,0.6642802166666667,23.9375,7,0.0
0.02525077059236427,0.02525077059236427,0,1720469304.995799,0.6656720899999999,23.9375,7,0.0
0.024750755333109532,0.024750755333109532,0,1720469310.0041542,0.6670633005555555,23.9375,7,0.0
0.024375743888668477,0.024375743888668477,0,1720469315.0107865,0.6684540308333333,23.9375,7,0.0
0.027875850703451645,0.027875850703451645,0,1720469320.0151825,0.6698441411111111,23.9375,7,0.0
0.028125858333079012,0.028125858333079012,0,1720469325.023114,0.671235236111111,23.9375,7,0.0
0.026625812555314796,0.026625812555314796,0,1720469330.0288322,0.6726257108333333,23.875,7,0.0
0.027375835444196906,0.027375835444196906,0,1720469335.0513036,0.6740208444444444,23.875,7,0.0
0.027375835444196906,0.027375835444196906,0,1720469340.099377,0.6754230869444445,23.875,7,0.0
0.026750816370128484,0.026750816370128484,0,1720469345.1690774,0.6768313347222222,23.9375,7,0.0
0.027125827814569535,0.027125827814569535,0,1720469350.1748793,0.6782218352777778,23.9375,7,0.0
0.027125827814569535,0.027125827814569535,0,1720469355.1806343,0.6796123216666666,23.875,7,0.0
0.02700082399975585,0.02700082399975585,0,1720469360.186111,0.6810027330555556,23.875,7,0.0
0.027125827814569535,0.027125827814569535,0,1720469365.2632222,0.6824130438888888,23.875,7,0.0
0.026625812555314796,0.026625812555314796,0,1720469370.3083725,0.6838144722222222,23.875,7,0.0
0.027125827814569535,0.027125827814569535,0,1720469375.3271377,0.6852085758333333,23.875,7,0.0
0.032876003295999025,0.032876003295999025,0,1720469380.5855644,0.68666925,23.875,8,0.0
0.02937589648121586,0.02937589648121586,0,1720469385.6702878,0.6880816733333334,23.875,7,0.0
0.027250831629383222,0.027250831629383222,0,1720469390.6749983,0.6894718683333334,23.875,7,0.0
0.027250831629383222,0.027250831629383222,0,1720469395.6801012,0.6908621772222222,23.875,9,0.0
0.026875820184942167,0.026875820184942167,0,1720469400.6886492,0.6922534402777778,23.875,7,0.0
0.026625812555314796,0.026625812555314796,0,1720469405.6948318,0.6936440436111111,23.875,7,0.0
0.02700082399975585,0.02700082399975585,0,1720469410.7024577,0.6950350513888889,23.875,7,0.0
0.026250801110873745,0.026250801110873745,0,1720469415.7088635,0.6964257191666666,23.875,7,0.0
0.026250801110873745,0.026250801110873745,0,1720469420.71491,0.6978162880555555,23.875,7,0.0
0.026125797296060058,0.026125797296060058,0,1720469425.7206876,0.6992067811111111,23.875,7,0.0
0.026250801110873745,0.026250801110873745,0,1720469430.7269492,0.7005974111111112,23.875,7,0.0
0.026250801110873745,0.026250801110873745,0,1720469435.732543,0.7019878522222223,23.875,7,0.0
0.031250953703421125,0.031250953703421125,0,1720469440.7369754,0.703377975,23.875,7,0.0
0.030250923184911648,0.030250923184911648,0,1720469445.741134,0.7047680194444444,23.875,7,0.0
0.02800085451826533,0.02800085451826533,0,1720469450.7467792,0.7061584711111112,23.875,7,0.0
0.026750816370128484,0.026750816370128484,0,1720469455.7525153,0.7075489569444445,23.875,7,0.0
0.02700082399975585,0.02700082399975585,0,1720469460.7574255,0.7089392113888889,23.875,6,0.0
0.02700082399975585,0.02700082399975585,0,1720469465.7631645,0.7103296930555555,23.875,6,0.0
0.026750816370128484,0.026750816370128484,0,1720469470.7690754,0.7117202236111112,23.875,6,0.0
0.025875789666432693,0.025875789666432693,0,1720469475.7748387,0.7131107133333333,23.875,6,0.0
0.026000793481246377,0.026000793481246377,0,1720469480.780766,0.7145012486111111,23.875,6,0.0
0.026500808740501113,0.026500808740501113,0,1720469485.786574,0.7158917511111111,23.875,6,0.0
0.026625812555314796,0.026625812555314796,0,1720469490.7926648,0.7172823311111111,23.875,6,0.0
0.026500808740501113,0.026500808740501113,0,1720469495.7983592,0.7186728025,23.875,6,0.0
0.030625934629352702,0.030625934629352702,0,1720469500.8023524,0.7200628019444445,23.875,6,0.0
0.02937589648121586,0.02937589648121586,0,1720469505.8065734,0.7214528638888889,23.875,6,0.0
0.027875850703451645,0.027875850703451645,0,1720469510.8124866,0.7228433916666667,23.875,6,0.0
0.027250831629383222,0.027250831629383222,0,1720469515.8184168,0.7242339297222222,23.875,6,0.0
0.025875789666432693,0.025875789666432693,0,1720469520.8243692,0.7256244719444445,23.875,6,0.0
0.026750816370128484,0.026750816370128484,0,1720469525.8300216,0.7270149308333334,23.875,6,0.0
0.025875789666432693,0.025875789666432693,0,1720469530.8361406,0.7284055188888889,23.875,6,0.0
0.026125797296060058,0.026125797296060058,0,1720469535.8421402,0.7297960750000001,23.875,6,0.0
0.02575078585161901,0.02575078585161901,0,1720469540.848698,0.7311867847222222,23.875,6,0.0
0.026250801110873745,0.026250801110873745,0,1720469545.8548057,0.7325773702777778,23.875,6,0.0
0.025375774407177955,0.025375774407177955,0,1720469550.8606277,0.7339678763888888,23.875,6,0.0
0.0250007629627369,0.0250007629627369,0,1720469555.8668435,0.7353584908333334,23.875,6,0.0
0.032000976592303235,0.032000976592303235,0,1720469560.871181,0.7367485869444445,23.875,6,0.0
0.028500869777520067,0.028500869777520067,0,1720469565.8756955,0.7381387311111111,23.875,6,0.0
0.02775084688863796,0.02775084688863796,0,1720469570.8816135,0.7395292605555556,23.875,6,0.0
0.026875820184942167,0.026875820184942167,0,1720469575.887476,0.7409197736111112,23.875,6,0.0
0.026875820184942167,0.026875820184942167,0,1720469580.8936512,0.7423103822222222,23.875,6,0.0
0.026250801110873745,0.026250801110873745,0,1720469585.9010887,0.7437013369444445,23.875,6,0.0
0.026125797296060058,0.026125797296060058,0,1720469590.9077642,0.7450920802777778,23.875,6,0.0
0.026000793481246377,0.026000793481246377,0,1720469595.9139025,0.7464826752777778,23.875,6,0.0
0.025875789666432693,0.025875789666432693,0,1720469600.9203422,0.7478733516666667,23.875,6,0.0
0.026250801110873745,0.026250801110873745,0,1720469605.9269266,0.7492640705555556,23.875,6,0.0
0.02575078585161901,0.02575078585161901,0,1720469610.9325235,0.7506545133333333,23.875,6,0.0
0.02575078585161901,0.02575078585161901,0,1720469615.9385734,0.7520450827777778,23.875,6,0.0
0.02800085451826533,0.02800085451826533,0,1720469620.9432726,0.7534352794444444,23.875,6,0.0
0.02862587359233375,0.02862587359233375,0,1720469625.947537,0.7548253536111111,23.875,6,0.0
0.02775084688863796,0.02775084688863796,0,1720469630.9807737,0.7562234747222222,23.875,7,0.0
0.028250862147892696,0.027625843073824274,0,1720469636.017408,0.7576225386111111,23.875,6,0.0
0.02800085451826533,0.027875850703451645,0,1720469641.1906936,0.7590595636111112,23.875,6,0.0
0.028125858333079012,0.028125858333079012,0,1720469646.198184,0.7604505311111112,23.875,6,0.0
0.027875850703451645,0.027875850703451645,0,1720469651.2045217,0.76184118,23.875,6,0.0
0.02700082399975585,0.02700082399975585,0,1720469656.2119966,0.7632321477777778,23.875,6,0.0
0.02750083925901059,0.02750083925901059,0,1720469661.2200294,0.7646232680555555,23.875,6,0.0
0.026750816370128484,0.026750816370128484,0,1720469666.2256453,0.7660137152777777,23.875,6,0.0
0.027125827814569535,0.027125827814569535,0,1720469671.2316763,0.767404278888889,23.875,6,0.0
0.027375835444196906,0.027375835444196906,0,1720469676.33893,0.7688229625,23.875,7,0.0
0.03175096896267586,0.03175096896267586,0,1720469681.4249399,0.7702357433333333,23.875,6,0.0
0.03162596514786218,0.03162596514786218,0,1720469686.4544673,0.7716328319444444,23.875,6,0.0
0.028875881221961122,0.028875881221961122,0,1720469691.4979935,0.7730338127777778,23.875,6,0.0
0.028125858333079012,0.028125858333079012,0,1720469696.5031488,0.7744241347222222,23.875,6,0.0
0.027375835444196906,0.027375835444196906,0,1720469701.508511,0.7758145105555555,23.875,6,0.0
0.027625843073824274,0.027625843073824274,0,1720469706.5150797,0.777205223611111,23.875,6,0.0
0.027125827814569535,0.027125827814569535,0,1720469711.5202718,0.7785955563888889,23.875,6,0.0
0.026875820184942167,0.026875820184942167,0,1720469716.526768,0.7799862488888889,23.875,6,0.0
0.026875820184942167,0.026875820184942167,0,1720469721.534014,0.7813771502777779,23.875,6,0.0
0.027125827814569535,0.027125827814569535,0,1720469726.5395944,0.7827675894444445,23.875,6,0.0
0.027375835444196906,0.027375835444196906,0,1720469731.5462637,0.7841583311111111,23.875,6,0.0
0.027250831629383222,0.027250831629383222,0,1720469736.5525556,0.7855489672222222,23.875,6,0.0
0.031250953703421125,0.031250953703421125,0,1720469741.557136,0.7869391297222222,23.875,7,0.0
0.031250953703421125,0.031250953703421125,0,1720469746.562012,0.7883293738888888,23.875,6,0.0
0.02775084688863796,0.02775084688863796,0,1720469751.5673752,0.7897197508333332,23.875,6,0.0
0.02750083925901059,0.02750083925901059,0,1720469756.5726025,0.7911100922222223,23.875,6,0.0
0.027250831629383222,0.027250831629383222,0,1720469761.5781443,0.7925005208333333,23.875,6,0.0
0.027250831629383222,0.027250831629383222,0,1720469766.584069,0.7938910555555555,23.875,6,0.0
0.02700082399975585,0.02700082399975585,0,1720469771.5898817,0.795281558888889,23.875,6,0.0
0.026875820184942167,0.026875820184942167,0,1720469776.5969067,0.7966723994444445,23.875,6,0.0
0.025625782036805326,0.025625782036805326,0,1720469781.6025343,0.7980628516666666,23.875,6,0.0
0.026500808740501113,0.026500808740501113,0,1720469786.6080282,0.7994532666666666,23.875,6,0.0
0.02637580492568743,0.02637580492568743,0,1720469791.6135702,0.800843693888889,23.875,6,0.0
0.026500808740501113,0.026500808740501113,0,1720469796.6189911,0.80223409,23.875,6,0.0
0.03050093081453902,0.03050093081453902,0,1720469801.6237142,0.8036242886111111,23.875,6,0.0
0.02912588885158849,0.02912588885158849,0,1720469806.6281655,0.8050144172222222,23.875,6,0.0
0.026750816370128484,0.026750816370128484,0,1720469811.633488,0.8064047830555555,23.875,6,0.0
0.02637580492568743,0.02637580492568743,0,1720469816.6396396,0.8077953805555556,23.875,6,0.0
0.026875820184942167,0.026875820184942167,0,1720469821.6457913,0.8091859766666667,23.875,6,0.0
0.026750816370128484,0.026750816370128484,0,1720469826.6513922,0.8105764230555556,23.875,6,0.0
0.026250801110873745,0.026250801110873745,0,1720469831.6572766,0.8119669416666666,23.875,6,0.0
0.025875789666432693,0.025875789666432693,0,1720469836.6636186,0.8133575958333333,23.875,6,0.0
0.026000793481246377,0.026000793481246377,0,1720469841.6700013,0.8147482572222222,23.875,6,0.0
0.02575078585161901,0.02575078585161901,0,1720469846.675977,0.8161388066666667,23.875,6,0.0
0.026250801110873745,0.026250801110873745,0,1720469851.6822798,0.817529445,23.875,6,0.0
0.026000793481246377,0.026000793481246377,0,1720469856.6883938,0.8189200341666666,23.875,6,0.0
0.03112594988860744,0.03112594988860744,0,1720469861.6924436,0.8203100497222222,23.875,6,0.0
0.028250862147892696,0.028250862147892696,0,1720469866.6965144,0.8217000694444444,23.875,6,0.0
0.027625843073824274,0.027625843073824274,0,1720469871.702411,0.8230905938888889,23.875,6,0.0
0.026125797296060058,0.026125797296060058,0,1720469876.7087476,0.8244812427777778,23.875,6,0.0
0.026250801110873745,0.026250801110873745,0,1720469881.7146897,0.8258717816666666,23.875,6,0.0
0.025375774407177955,0.025375774407177955,0,1720469886.7208135,0.8272623738888889,23.875,6,0.0
0.025375774407177955,0.025375774407177955,0,1720469891.7267892,0.8286529219444444,23.875,6,0.0
0.02637580492568743,0.02637580492568743,0,1720469896.732758,0.8300434688888889,23.875,6,0.0
0.026250801110873745,0.026250801110873745,0,1720469901.7382233,0.8314338766666667,23.875,6,0.0
0.026250801110873745,0.026250801110873745,0,1720469906.743107,0.8328241233333333,23.875,6,0.0
0.026125797296060058,0.026125797296060058,0,1720469911.7493477,0.8342147438888888,23.875,6,0.0
0.02575078585161901,0.02575078585161901,0,1720469916.75515,0.8356052436111111,23.875,6,0.0
0.02962590411084323,0.02962590411084323,0,1720469921.7603152,0.8369955677777778,23.875,6,0.0
0.029500900296029545,0.029500900296029545,0,1720469926.7661233,0.8383860697222223,23.875,6,0.0
0.02775084688863796,0.02775084688863796,0,1720469931.7713997,0.8397764263888888,23.875,6,0.0
0.02800085451826533,0.028250862147892696,0,1720469936.9093196,0.8412036266666667,23.875,6,0.0
0.028250862147892696,0.028250862147892696,0,1720469941.9152143,0.84259415,23.875,6,0.0
0.027875850703451645,0.027875850703451645,0,1720469947.031197,0.844015258888889,23.875,6,0.0
0.028375865962706383,0.028375865962706383,0,1720469952.0481622,0.8454088533333334,23.875,6,0.0
0.028375865962706383,0.028375865962706383,0,1720469957.0537906,0.8467993130555556,23.875,6,0.0
0.028125858333079012,0.028125858333079012,0,1720469962.1272852,0.8482086144444444,23.875,6,0.0
0.02800085451826533,0.02800085451826533,0,1720469967.13364,0.8495992711111112,23.875,6,0.0
0.02775084688863796,0.02775084688863796,0,1720469972.14412,0.8509910677777778,23.875,6,0.0
0.028125858333079012,0.028125858333079012,0,1720469977.1495116,0.8523814574999999,23.875,6,0.0
0.032125980407116915,0.032125980407116915,0,1720469982.1550283,0.8537718766666667,23.875,6,0.0
0.02962590411084323,0.02962590411084323,0,1720469987.1729498,0.8551657458333334,23.875,6,0.0
0.028875881221961122,0.02937589648121586,0,1720469992.230662,0.8565706661111111,23.875,7,0.0
0.02800085451826533,0.02800085451826533,0,1720469997.247023,0.8579640977777778,23.875,6,0.0
0.028250862147892696,0.028250862147892696,0,1720470002.3368418,0.8593779363888888,23.875,6,0.0
0.026875820184942167,0.02862587359233375,0,1720470007.351269,0.8607708325,23.875,6,0.0
0.027875850703451645,0.027875850703451645,0,1720470012.356687,0.8621612255555555,23.875,6,0.0
0.028250862147892696,0.028250862147892696,0,1720470017.3603184,0.8635511275000001,23.875,6,0.0
0.02800085451826533,0.027625843073824274,0,1720470022.364729,0.8649412383333334,23.875,6,0.0
0.028250862147892696,0.028250862147892696,0,1720470027.3696172,0.8663314852777777,23.875,6,0.0
0.027625843073824274,0.027250831629383222,0,1720470032.375602,0.8677220361111111,23.875,6,0.0
0.028125858333079012,0.028125858333079012,0,1720470037.3818064,0.8691126488888888,23.875,6,0.0
0.03150096133304849,0.03150096133304849,0,1720470042.3868473,0.8705029391666668,23.875,7,0.0
0.02962590411084323,0.02962590411084323,0,1720470047.3912218,0.8718930444444445,23.875,6,0.0
0.029500900296029545,0.029500900296029545,0,1720470052.3977547,0.8732837452777779,23.875,6,0.0
0.02862587359233375,0.028375865962706383,0,1720470057.4046032,0.8746745366666667,23.875,6,0.0
0.028250862147892696,0.028375865962706383,0,1720470062.410372,0.8760650288888889,23.875,6,0.0
0.028375865962706383,0.028125858333079012,0,1720470067.4167192,0.87745568,23.875,6,0.0
0.028375865962706383,0.028375865962706383,0,1720470072.4251716,0.8788469158333333,23.875,6,0.0
0.02800085451826533,0.028125858333079012,0,1720470077.4299502,0.8802371333333334,23.875,6,0.0
0.028375865962706383,0.028375865962706383,0,1720470082.4350085,0.8816274280555556,23.875,6,0.0
0.028500869777520067,0.028500869777520067,0,1720470087.442174,0.8830183063888889,23.875,6,0.0
0.028125858333079012,0.028125858333079012,0,1720470092.4478853,0.8844087816666667,23.875,6,0.0
0.02775084688863796,0.02800085451826533,0,1720470097.4540203,0.8857993741666667,23.875,6,0.0
0.02775084688863796,0.02775084688863796,0,1720470102.4581127,0.8871894027777778,23.875,6,0.0
0.028750877407147435,0.028750877407147435,0,1720470107.4625385,0.888579521388889,23.875,6,0.0
0.028375865962706383,0.028375865962706383,0,1720470112.4703496,0.8899705722222222,23.875,6,0.0
0.027375835444196906,0.027375835444196906,0,1720470117.4800334,0.8913621508333333,23.875,6,0.0
0.02700082399975585,0.02700082399975585,0,1720470122.4914482,0.8927542119444445,23.875,6,0.0
0.026750816370128484,0.026750816370128484,0,1720470127.5021267,0.8941460694444444,23.875,6,0.0
0.026875820184942167,0.026875820184942167,0,1720470132.5095613,0.8955370247222222,23.875,6,0.0
0.026250801110873745,0.026250801110873745,0,1720470137.5176845,0.8969281688888889,23.875,6,0.0
0.026250801110873745,0.026250801110873745,0,1720470142.523554,0.8983186902777778,23.875,6,0.0
0.026125797296060058,0.026125797296060058,0,1720470147.5295289,0.8997092377777777,23.875,6,0.0
0.026125797296060058,0.026125797296060058,0,1720470152.536046,0.9010999363888889,23.875,6,0.0
0.02700082399975585,0.02700082399975585,0,1720470157.5419164,0.9024904575,23.875,6,0.0
0.03175096896267586,0.03175096896267586,0,1720470162.5463848,0.9038805888888889,23.875,6,0.0
0.028250862147892696,0.028250862147892696,0,1720470167.5507984,0.9052707036111112,23.875,6,0.0
0.027125827814569535,0.027125827814569535,0,1720470172.5562558,0.9066611069444445,23.875,6,0.0
0.027125827814569535,0.027125827814569535,0,1720470177.5619328,0.9080515722222222,23.875,6,0.0
0.02637580492568743,0.02637580492568743,0,1720470182.5686557,0.9094423291666667,23.875,6,0.0
0.02575078585161901,0.02575078585161901,0,1720470187.5742111,0.9108327616666667,23.875,6,0.0
0.026500808740501113,0.026500808740501113,0,1720470192.5796895,0.9122231725,23.875,6,0.0
0.026000793481246377,0.026000793481246377,0,1720470197.585317,0.9136136244444444,23.875,6,0.0
0.026125797296060058,0.026125797296060058,0,1720470202.590789,0.9150040333333334,23.875,6,0.0
0.026250801110873745,0.026250801110873745,0,1720470207.5963557,0.9163944686111111,23.875,6,0.0
0.026000793481246377,0.026000793481246377,0,1720470212.6019554,0.9177849133333333,23.875,6,0.0
0.026000793481246377,0.026000793481246377,0,1720470217.6089177,0.9191757352777777,23.875,6,0.0
0.02862587359233375,0.02862587359233375,0,1720470222.6177032,0.9205670661111112,23.875,6,0.0
0.028500869777520067,0.028500869777520067,0,1720470227.621901,0.921957121388889,23.875,6,0.0
0.028375865962706383,0.028375865962706383,0,1720470232.6278136,0.9233476527777779,23.875,6,0.0
0.028250862147892696,0.028250862147892696,0,1720470237.6897116,0.9247537336111111,23.875,6,0.0
0.02775084688863796,0.02775084688863796,0,1720470242.8660593,0.9261916094444443,23.875,6,0.0
0.02775084688863796,0.02775084688863796,0,1720470247.883143,0.9275852444444445,23.875,6,0.0
0.028375865962706383,0.028375865962706383,0,1720470252.9646323,0.9289967666666666,23.875,6,0.0
0.02800085451826533,0.02800085451826533,0,1720470257.9712608,0.9303874966666666,23.875,6,0.0
0.027875850703451645,0.027875850703451645,0,1720470262.9866905,0.9317806719444444,23.875,6,0.0
0.02800085451826533,0.02800085451826533,0,1720470267.9996295,0.9331731541666667,23.875,6,0.0
0.027375835444196906,0.027375835444196906,0,1720470273.0073426,0.9345641863888888,23.875,6,0.0
0.028375865962706383,0.028375865962706383,0,1720470278.0520494,0.9359654938888888,23.875,6,0.0
0.030250923184911648,0.030250923184911648,0,1720470283.1649423,0.9373857427777778,23.875,7,0.0
0.029250892666402174,0.029250892666402174,0,1720470288.1751215,0.9387774605555556,23.875,6,0.0
0.02862587359233375,0.02862587359233375,0,1720470293.1931405,0.9401713549999999,23.875,6,0.0
0.02862587359233375,0.02862587359233375,0,1720470298.1986043,0.9415617619444444,23.875,6,0.0
0.028250862147892696,0.028125858333079012,0,1720470303.2030253,0.9429518783333333,23.875,6,0.0
0.028125858333079012,0.028125858333079012,0,1720470308.2099144,0.9443426813888889,23.875,6,0.0
0.02775084688863796,0.02775084688863796,0,1720470313.216377,0.9457333630555556,23.875,6,0.0
0.02775084688863796,0.02775084688863796,0,1720470318.2221308,0.9471238508333334,23.875,6,0.0
0.02800085451826533,0.02800085451826533,0,1720470323.2298987,0.9485148961111111,23.875,7,0.0
0.02862587359233375,0.02862587359233375,0,1720470328.2387908,0.9499062552777777,23.875,6,0.0
0.028250862147892696,0.028250862147892696,0,1720470333.2462173,0.9512972072222222,23.875,6,0.0
0.02862587359233375,0.02862587359233375,0,1720470338.2513113,0.9526875122222223,23.875,6,0.0
0.02862587359233375,0.02862587359233375,0,1720470343.256084,0.9540777275,23.875,6,0.0
0.028750877407147435,0.028750877407147435,0,1720470348.2600234,0.9554677108333334,23.875,6,0.0
0.028750877407147435,0.028750877407147435,0,1720470353.2658672,0.9568582197222222,23.875,6,0.0
0.027875850703451645,0.027875850703451645,0,1720470358.271542,0.9582486858333333,23.875,6,0.0
0.027375835444196906,0.027375835444196906,0,1720470363.277433,0.9596392111111112,23.875,6,0.0
0.026875820184942167,0.026875820184942167,0,1720470368.2829812,0.9610296416666666,23.875,6,0.0
0.02750083925901059,0.02750083925901059,0,1720470373.2891588,0.9624202452777778,23.875,6,0.0
0.02700082399975585,0.02700082399975585,0,1720470378.2955823,0.9638109183333333,23.875,6,0.0
0.02637580492568743,0.02637580492568743,0,1720470383.3011694,0.9652013491666667,23.875,6,0.0
0.02750083925901059,0.02750083925901059,0,1720470388.3069036,0.9665918422222222,23.875,6,0.0
0.026750816370128484,0.026750816370128484,0,1720470393.3126893,0.9679823375,23.875,6,0.0
0.027375835444196906,0.027375835444196906,0,1720470398.318301,0.9693727858333333,23.875,6,0.0
0.0322509842219306,0.0322509842219306,0,1720470403.3227556,0.9707629138888889,23.875,6,0.0
0.028875881221961122,0.028875881221961122,0,1720470408.326751,0.9721529130555555,23.875,6,0.0
0.02775084688863796,0.02775084688863796,0,1720470413.3323486,0.9735433544444445,23.875,6,0.0
0.02800085451826533,0.02800085451826533,0,1720470418.3382673,0.9749338869444445,23.875,6,0.0
0.02750083925901059,0.02750083925901059,0,1720470423.3441727,0.9763244166666666,23.875,6,0.0
0.026750816370128484,0.026750816370128484,0,1720470428.3506978,0.9777151175,23.875,6,0.0
0.02637580492568743,0.02637580492568743,0,1720470433.3577306,0.9791059605555555,23.875,6,0.0
0.02637580492568743,0.02637580492568743,0,1720470438.3636785,0.9804965016666667,23.875,6,0.0
0.02637580492568743,0.02637580492568743,0,1720470443.3699732,0.9818871391666667,23.875,6,0.0
0.026750816370128484,0.026750816370128484,0,1720470448.3770878,0.9832780041666667,23.875,6,0.0
0.026500808740501113,0.026500808740501113,0,1720470453.3831444,0.9846685747222222,23.875,6,0.0
0.026750816370128484,0.026750816370128484,0,1720470458.3892462,0.986059158611111,23.875,6,0.0
0.029875911740470596,0.029875911740470596,0,1720470463.393894,0.987449341111111,23.875,6,0.0
0.02937589648121586,0.02937589648121586,0,1720470468.3986611,0.9888395547222222,23.875,6,0.0
0.028125858333079012,0.028125858333079012,0,1720470473.404288,0.990230003611111,23.875,6,0.0
0.027375835444196906,0.027375835444196906,0,1720470478.410708,0.9916206769444444,23.875,6,0.0
0.027375835444196906,0.027375835444196906,0,1720470483.416599,0.9930112013888889,23.875,6,0.0
0.026625812555314796,0.026625812555314796,0,1720470488.423682,0.9944020575000001,23.875,6,0.0
0.026125797296060058,0.026125797296060058,0,1720470493.4298153,0.9957926508333333,23.875,6,0.0
0.026125797296060058,0.026125797296060058,0,1720470498.4361696,0.9971833044444445,23.875,6,0.0
0.026750816370128484,0.026750816370128484,0,1720470503.4421527,0.9985738550000001,23.875,6,0.0
0.026875820184942167,0.026875820184942167,0,1720470508.4486094,0.9999645372222222,23.875,6,0.0
0.02637580492568743,0.02637580492568743,0,1720470513.4569237,1.0013557369444446,23.875,7,0.0
0.026875820184942167,0.026875820184942167,0,1720470518.7464213,1.0028250430555554,23.875,5,0.0
