media,drug,waste,pump_time,hour,vial_drug_mass,dil_rate
0,1,2,1720545735.2876556,0.0012569324999999998,0,0
0,1,2,1720545740.2978396,0.002648655277777778,0,0
0,1,2,1720545745.307946,0.004040355555555555,0,0
0,1,2,1720545750.320347,0.0054326875,0,0
0,1,2,1720545755.33307,0.00682511,0,0
0,1,2,1720545760.3439398,0.008217020833333333,0,0
0,1,2,1720545765.3505566,0.0096077325,0,0
0,1,2,1720545770.3612828,0.010999609444444444,0,0
0,1,2,1720545775.377486,0.012393001666666667,0,0
0,1,2,1720545780.3854551,0.013784099444444444,0,0
0,1,2,1720545785.3976073,0.015176371388888889,0,0
0,1,2,1720545790.40616,0.016567635,0,0
1,1,3,1720545795.417315,0.01795962166666667,0.0,0
0,1,2,1720545800.4300623,0.019352046388888888,0.0,0
0,1,2,1720545805.440469,0.020743834444444442,0.0,0
0,1,2,1720545810.4549007,0.022136720555555555,0.0,0
0,1,2,1720545815.4696825,0.023529726944444444,0.0,0
0,1,2,1720545820.4799411,0.024921464722222224,0.0,0
0,1,2,1720545825.490848,0.026313381944444443,0.0,0
0,1,2,1720545830.501527,0.027705235555555558,0.0,0
0,1,2,1720545835.5132113,0.029097372222222223,0.0,0
0,1,2,1720545840.5268455,0.030490046666666666,0.0,0
0,1,2,1720545845.5361316,0.03188151833333333,0.0,0
0,1,2,1720545850.54637,0.03327325083333334,0.0,0
1,1,3,1720545855.557615,0.03466526111111111,0.0,0
0,1,2,1720545860.5652268,0.03605626694444444,0.0,0
0,1,2,1720545865.5755377,0.03744801527777778,0.0,0
0,1,2,1720545870.5853922,0.03883961777777777,0.0,0
0,1,2,1720545875.5984845,0.040232165,0.0,0
0,1,2,1720545880.7566285,0.04166498666666667,0.0,0
0,1,2,1720545885.764437,0.04305604555555556,0.0,0
0,1,2,1720545890.776934,0.04444840611111111,0.0,0
0,1,2,1720545895.7870426,0.0458401025,0.0,0
0,1,2,1720545900.7980278,0.047232045,0.0,0
0,1,2,1720545905.8111277,0.04862456888888889,0.0,0
0,1,2,1720545910.8218188,0.05001643111111111,0.0,0
1,1,3,1720545915.8328846,0.051408388888888885,0.0,0
0,1,2,1720545920.8453403,0.052800739166666666,0.0,0
0,1,2,1720545925.8558314,0.05419254416666667,0.0,0
0,1,2,1720545930.8666465,0.05558443388888889,0.0,0
0,1,2,1720545935.8773437,0.056976292500000005,0.0,0
0,1,2,1720545940.8887074,0.05836834527777778,0.0,0
0,1,2,1720545945.8996773,0.05976028055555556,0.0,0
0,1,2,1720545950.9127703,0.061152804166666665,0.0,0
0,1,2,1720545955.9280577,0.0625459275,0.0,0
0,1,2,1720545960.9363205,0.06393712416666666,0.0,0
0,1,2,1720545965.9479158,0.06532923555555556,0.0,0
0,1,2,1720545970.9561172,0.06672039555555555,0.0,0
1,1,3,1720545975.9671,0.06811233333333333,0.0,0
0,1,2,1720545980.9784842,0.06950438777777779,0.0,0
0,1,2,1720545985.9881494,0.07089596138888889,0.0,0
0,1,2,1720545991.001326,0.07228851472222222,0.0,0
0,1,2,1720545996.0131137,0.07368067444444444,0.0,0
0,1,2,1720546001.0276387,0.07507360305555556,0.0,0
0,1,2,1720546006.0403554,0.07646602388888889,0.0,0
0,1,2,1720546011.0477831,0.07785697722222222,0.0,0
0,1,2,1720546016.060155,0.07924930277777777,0.0,0
0,1,2,1720546021.070815,0.08064115166666667,0.0,0
0,1,2,1720546026.085192,0.08203403277777778,0.0,0
0,1,2,1720546031.0952504,0.08342571166666667,0.0,0
0,2,3,1720546036.1048622,0.08481727416666668,1203.2432307692309,0
0,1,2,1720546041.1164074,0.08620936583333334,1203.2432307692309,0
0,1,2,1720546046.128083,0.08760150444444444,1203.2432307692309,0
0,1,2,1720546051.174745,0.08900335027777778,1203.2432307692309,0
0,1,2,1720546056.2515202,0.09041355999999999,1203.2432307692309,0
0,1,2,1720546061.3615675,0.09183302555555554,1203.2432307692309,0
0,1,2,1720546066.4752278,0.09325348027777779,1203.2432307692309,0
0,1,2,1720546071.595788,0.09467586305555555,1203.2432307692309,0
0,1,2,1720546076.6185982,0.09607108972222222,1203.2432307692309,0
0,1,2,1720546081.6404288,0.09746604305555555,1203.2432307692309,0
0,1,2,1720546086.6608365,0.09886060277777778,1203.2432307692309,0
0,1,2,1720546091.671931,0.10025257,1203.2432307692309,0
1,1,3,1720546096.719327,0.10165462333333333,1110.6860591715977,0
0,1,2,1720546101.8166745,0.1030705486111111,1110.6860591715977,0
0,1,2,1720546106.865809,0.1044730913888889,1110.6860591715977,0
0,1,2,1720546111.9379215,0.10588201277777778,1110.6860591715977,0
0,1,2,1720546116.9966776,0.10728722138888888,1110.6860591715977,0
0,1,2,1720546122.025698,0.10868417555555555,1110.6860591715977,0
0,1,2,1720546127.0350707,0.11007566277777778,1110.6860591715977,0
0,1,2,1720546132.0445688,0.11146718555555554,1110.6860591715977,0
0,1,2,1720546137.0605378,0.11286051555555557,1110.6860591715977,0
0,1,2,1720546142.0709429,0.114252295,1110.6860591715977,0
0,1,2,1720546147.0812078,0.11564403611111111,1110.6860591715977,0
0,1,2,1720546152.0945668,0.11703663166666667,1110.6860591715977,0
1,1,3,1720546157.1040044,0.11842814555555556,1025.2486700045517,0
0,1,2,1720546162.1186075,0.11982109,1025.2486700045517,0
0,1,2,1720546167.1292436,0.12121293611111111,1025.2486700045517,0
0,1,2,1720546172.1408546,0.12260504861111111,1025.2486700045517,0
0,1,2,1720546177.1576703,0.12399860111111112,1025.2486700045517,0
0,1,2,1720546182.1704485,0.1253910486111111,1025.2486700045517,0
0,1,2,1720546187.1818564,0.12678310416666666,1025.2486700045517,0
0,1,2,1720546192.194261,0.12817543888888888,1025.2486700045517,0
0,1,2,1720546197.202798,0.12956669944444443,1025.2486700045517,0
0,1,2,1720546202.2123053,0.13095823305555554,1025.2486700045517,0
0,1,2,1720546207.2192335,0.13234904611111112,1025.2486700045517,0
0,1,2,1720546212.2333977,0.13374185944444444,1025.2486700045517,0
1,1,3,1720546217.243024,0.13513342833333333,946.3833876965093,0
0,1,2,1720546222.256364,0.13652602277777778,946.3833876965093,0
0,1,2,1720546227.2695293,0.13791857194444446,946.3833876965093,0
0,1,2,1720546232.2800596,0.13931037694444445,946.3833876965093,0
0,1,2,1720546237.2897508,0.14070196694444445,946.3833876965093,0
0,1,2,1720546242.2988029,0.14209336944444445,946.3833876965093,0
0,1,2,1720546247.3081367,0.1434848502777778,946.3833876965093,0
0,1,2,1720546252.318124,0.14487651,946.3833876965093,0
0,1,2,1720546257.332406,0.1462693672222222,946.3833876965093,0
0,1,2,1720546262.3402593,0.14766043944444446,946.3833876965093,0
0,1,2,1720546267.3515065,0.149052455,946.3833876965093,0
0,1,2,1720546272.359958,0.15044368972222222,946.3833876965093,0
1,1,3,1720546277.371378,0.15183575194444443,873.5846655660087,0
0,1,2,1720546282.3845935,0.1532283083333333,873.5846655660087,0
0,1,2,1720546287.3964498,0.15462049083333335,873.5846655660087,0
0,1,2,1720546292.4040534,0.15601149250000002,873.5846655660087,0
0,1,2,1720546297.418048,0.15740426583333333,873.5846655660087,0
0,1,2,1720546302.4316938,0.1587969366666667,873.5846655660087,0
0,1,2,1720546307.4400315,0.16018815611111112,873.5846655660087,0
0,1,2,1720546312.4518504,0.16158032083333335,873.5846655660087,0
0,1,2,1720546317.463227,0.162972375,873.5846655660087,0
0,1,2,1720546322.4742935,0.16436434055555557,873.5846655660087,0
0,1,2,1720546327.4826782,0.16575555305555556,873.5846655660087,0
0,1,2,1720546332.4952238,0.16714793277777779,873.5846655660087,0
0,2,3,1720546337.5239067,0.16854478694444444,2009.629075907085,0
0,1,2,1720546342.660204,0.16997153833333334,2009.629075907085,0
0,1,2,1720546347.7472475,0.17138459194444444,2009.629075907085,0
0,1,2,1720546352.8446262,0.17280054416666665,2009.629075907085,0
0,1,2,1720546358.232702,0.1742972263888889,2009.629075907085,0
0,1,2,1720546363.337343,0.17571517972222223,2009.629075907085,0
0,1,2,1720546368.3577712,0.17710974861111112,2009.629075907085,0
0,1,2,1720546373.3695102,0.1785018958333333,2009.629075907085,0
0,1,2,1720546378.379342,0.17989351555555558,2009.629075907085,0
0,1,2,1720546383.3952239,0.1812868161111111,2009.629075907085,0
0,1,2,1720546388.4930263,0.18270287472222224,2009.629075907085,0
0,1,2,1720546393.563686,0.18411139083333333,2009.629075907085,0
1,1,3,1720546398.609018,0.18551287361111113,1855.0422239142324,0
0,1,2,1720546403.987659,0.18700693416666667,1855.0422239142324,0
0,1,2,1720546409.0714967,0.18841910833333333,1855.0422239142324,0
0,1,2,1720546414.1475136,0.18982910972222225,1855.0422239142324,0
0,1,2,1720546419.1603315,0.19122157222222222,1855.0422239142324,0
0,1,2,1720546424.1729932,0.19261397388888887,1855.0422239142324,0
0,1,2,1720546429.183428,0.19400576583333332,1855.0422239142324,0
0,1,2,1720546434.1987348,0.19539890555555556,1855.0422239142324,0
0,1,2,1720546439.2090542,0.1967906597222222,1855.0422239142324,0
0,1,2,1720546444.2214847,0.19818299722222224,1855.0422239142324,0
0,1,2,1720546449.230604,0.19957442055555555,1855.0422239142324,0
0,1,2,1720546454.2430668,0.2009667775,1855.0422239142324,0
1,1,3,1720546459.2561142,0.20235928833333333,1712.3466682285223,0
0,1,2,1720546464.2737355,0.20375307194444445,1712.3466682285223,0
0,1,2,1720546469.2847548,0.2051450241666667,1712.3466682285223,0
0,1,2,1720546474.3021657,0.20653874083333332,1712.3466682285223,0
0,1,2,1720546479.3117304,0.20793028833333332,1712.3466682285223,0
0,1,2,1720546484.3254056,0.2093229788888889,1712.3466682285223,0
0,1,2,1720546489.3387475,0.21071557222222223,1712.3466682285223,0
0,1,2,1720546494.352157,0.212108185,1712.3466682285223,0
0,1,2,1720546499.3652017,0.21350070138888888,1712.3466682285223,0
0,1,2,1720546504.3780878,0.21489317194444443,1712.3466682285223,0
0,1,2,1720546509.394007,0.2162864802777778,1712.3466682285223,0
0,1,2,1720546514.4069562,0.217678965,1712.3466682285223,0
1,1,3,1720546519.4184377,0.21907104638888888,1580.6276937494051,0
0,1,2,1720546524.4300952,0.22046317222222223,1580.6276937494051,0
0,1,2,1720546529.4431927,0.2218557011111111,1580.6276937494051,0
0,1,2,1720546534.4586112,0.22324886305555555,1580.6276937494051,0
0,1,2,1720546539.4709842,0.2246411925,1580.6276937494051,0
0,1,2,1720546544.4818487,0.22603310666666668,1580.6276937494051,0
0,1,2,1720546549.4943497,0.2274254636111111,1580.6276937494051,0
0,1,2,1720546554.5034232,0.22881687444444446,1580.6276937494051,0
0,1,2,1720546559.5161138,0.23020928722222223,1580.6276937494051,0
0,1,2,1720546564.5355265,0.23160356777777777,1580.6276937494051,0
0,1,2,1720546569.548461,0.2329960538888889,1580.6276937494051,0
0,1,2,1720546574.5635993,0.23438914305555555,1580.6276937494051,0
1,1,3,1720546579.5808225,0.23578281277777777,1459.040948076374,0
0,1,2,1720546584.5920634,0.23717482916666666,1459.040948076374,0
0,1,2,1720546589.6016364,0.23856638055555557,1459.040948076374,0
0,1,2,1720546594.613235,0.23995848833333333,1459.040948076374,0
0,1,2,1720546599.624416,0.24135048305555554,1459.040948076374,0
0,1,2,1720546604.6404915,0.24274383916666667,1459.040948076374,0
0,1,2,1720546609.6503785,0.244135455,1459.040948076374,0
0,1,2,1720546614.6593733,0.24552686055555556,1459.040948076374,0
0,1,2,1720546619.6686835,0.24691833583333334,1459.040948076374,0
0,1,2,1720546624.68489,0.24831171583333334,1459.040948076374,0
0,1,2,1720546629.6986072,0.2497044247222222,1459.040948076374,0
0,1,2,1720546634.7095,0.2510963408333333,1459.040948076374,0
0,2,3,1720546639.7220936,0.25248872944444445,2550.0502597628065,0
0,1,2,1720546644.7384012,0.25388213944444443,2550.0502597628065,0
0,1,2,1720546649.7491705,0.2552740227777778,2550.0502597628065,0
0,1,2,1720546654.7794952,0.25667133416666665,2550.0502597628065,0
0,1,2,1720546659.867151,0.25808457333333334,2550.0502597628065,0
0,1,2,1720546665.0851333,0.2595340136111111,2550.0502597628065,0
0,1,2,1720546670.0925057,0.26092495111111114,2550.0502597628065,0
0,1,2,1720546675.177594,0.26233746944444447,2550.0502597628065,0
0,1,2,1720546680.2740064,0.26375313777777776,2550.0502597628065,0
0,1,2,1720546685.3382826,0.26515988805555557,2550.0502597628065,0
0,1,2,1720546690.3603845,0.26655492,2550.0502597628065,0
0,1,2,1720546695.3751118,0.26794789750000003,2550.0502597628065,0
1,1,3,1720546700.387933,0.2693403463888889,2353.8925474733596,0
0,1,2,1720546705.4334044,0.27074186194444444,2353.8925474733596,0
0,1,2,1720546710.539837,0.2721603077777778,2353.8925474733596,0
0,1,2,1720546715.7314405,0.2736024322222222,2353.8925474733596,0
0,1,2,1720546720.7413874,0.2749940825,2353.8925474733596,0
0,1,2,1720546725.9037693,0.2764280763888889,2353.8925474733596,0
0,1,2,1720546730.9830186,0.2778389869444445,2353.8925474733596,0
0,1,2,1720546736.0622182,0.27924987444444443,2353.8925474733596,0
0,1,2,1720546741.0836766,0.28064471916666667,2353.8925474733596,0
0,1,2,1720546746.1018775,0.28203866805555555,2353.8925474733596,0
0,1,2,1720546751.1160166,0.28343148583333333,2353.8925474733596,0
0,1,2,1720546756.1323204,0.28482489777777775,2353.8925474733596,0
0,1,2,1720546761.143897,0.2862170047222223,2353.8925474733596,0
1,1,3,1720546766.1591854,0.2876101408333333,2172.8238899754087,0
0,1,2,1720546771.1667278,0.2890011155555555,2172.8238899754087,0
0,1,2,1720546776.182016,0.29039425472222224,2172.8238899754087,0
0,1,2,1720546781.1909487,0.2917856308333333,2172.8238899754087,0
0,1,2,1720546786.2005937,0.29317719722222224,2172.8238899754087,0
0,1,2,1720546791.2097247,0.2945686241666667,2172.8238899754087,0
0,1,2,1720546796.2265697,0.2959621922222222,2172.8238899754087,0
0,1,2,1720546801.2418203,0.29735531666666665,2172.8238899754087,0
0,1,2,1720546806.2522311,0.2987470969444444,2172.8238899754087,0
0,1,2,1720546811.2646458,0.30013943527777776,2172.8238899754087,0
0,1,2,1720546816.273896,0.30153088916666665,2172.8238899754087,0
1,1,3,1720546821.2859614,0.3029231244444444,2005.683590746531,0
0,1,2,1720546826.296167,0.3043148580555555,2005.683590746531,0
0,1,2,1720546831.3093784,0.30570741805555557,2005.683590746531,0
0,1,2,1720546836.3215995,0.30709969750000005,2005.683590746531,0
0,1,2,1720546841.3331504,0.30849179972222224,2005.683590746531,0
0,1,2,1720546846.3469238,0.30988451083333335,2005.683590746531,0
0,1,2,1720546851.360918,0.31127728722222225,2005.683590746531,0
0,1,2,1720546856.3707745,0.3126689163888889,2005.683590746531,0
0,1,2,1720546861.3848486,0.31406171166666663,2005.683590746531,0
0,1,2,1720546866.3957775,0.3154536411111111,2005.683590746531,0
0,1,2,1720546871.4100032,0.3168464825,2005.683590746531,0
0,1,2,1720546876.4230363,0.31823899194444444,2005.683590746531,0
1,1,3,1720546881.4347029,0.3196311183333333,1851.4002376121825,0
0,1,2,1720546886.4532428,0.32102514916666663,1851.4002376121825,0
0,1,2,1720546891.4661176,0.32241762333333335,1851.4002376121825,0
0,1,2,1720546896.474869,0.3238089444444444,1851.4002376121825,0
0,1,2,1720546901.4857147,0.32520084194444443,1851.4002376121825,0
0,1,2,1720546906.5020971,0.3265942738888889,1851.4002376121825,0
0,1,2,1720546911.5144048,0.32798659194444446,1851.4002376121825,0
0,1,2,1720546916.5276556,0.32937916166666664,1851.4002376121825,0
0,1,2,1720546921.5404465,0.330771595,1851.4002376121825,0
0,1,2,1720546926.5492368,0.33216293638888894,1851.4002376121825,0
0,1,2,1720546931.5577273,0.3335541822222222,1851.4002376121825,0
0,1,2,1720546936.5709639,0.33494674583333334,1851.4002376121825,0
0,2,3,1720546941.584714,0.336339455,2912.2280654881683,0
0,1,2,1720546946.5991194,0.33773234333333335,2912.2280654881683,0
0,1,2,1720546951.613551,0.33912524250000003,2912.2280654881683,0
0,1,2,1720546956.6322267,0.34051931750000003,2912.2280654881683,0
0,1,2,1720546961.766516,0.3419455116666667,2912.2280654881683,0
0,1,2,1720546966.8622544,0.34336099222222227,2912.2280654881683,0
0,1,2,1720546971.909125,0.3447628969444444,2912.2280654881683,0
0,1,2,1720546976.9307332,0.34615779333333335,2912.2280654881683,0
0,1,2,1720546982.0492003,0.34757959000000005,2912.2280654881683,0
0,1,2,1720546987.1497138,0.3489963997222222,2912.2280654881683,0
0,1,2,1720546992.171404,0.3503913072222222,2912.2280654881683,0
0,1,2,1720546997.1805215,0.3517827358333333,2912.2280654881683,0
1,1,3,1720547002.1906245,0.35317442111111114,2688.2105219890786,0
0,1,2,1720547007.2008595,0.3545661572222222,2688.2105219890786,0
0,1,2,1720547012.2543583,0.355969915,2688.2105219890786,0
0,1,2,1720547017.4070656,0.3574012163888889,2688.2105219890786,0
0,1,2,1720547022.449566,0.3588019138888889,2688.2105219890786,0
0,1,2,1720547027.5383635,0.36021546972222224,2688.2105219890786,0
0,1,2,1720547032.5734682,0.36161411,2688.2105219890786,0
0,1,2,1720547037.6310117,0.36301898388888887,2688.2105219890786,0
0,1,2,1720547042.666553,0.3644177375,2688.2105219890786,0
0,1,2,1720547047.6809564,0.36581063194444446,2688.2105219890786,0
0,1,2,1720547052.69405,0.3672031577777778,2688.2105219890786,0
0,1,2,1720547057.707099,0.36859566944444444,2688.2105219890786,0
1,1,3,1720547062.7170238,0.36998732166666665,2481.425097220688,0
0,1,2,1720547067.732264,0.3713804413888889,2481.425097220688,0
0,1,2,1720547072.7408726,0.37277171138888887,2481.425097220688,0
0,1,2,1720547077.7594805,0.37416577777777776,2481.425097220688,0
0,1,2,1720547082.7754128,0.37555909305555557,2481.425097220688,0
0,1,2,1720547087.7859416,0.3769509008333334,2481.425097220688,0
0,1,2,1720547092.797232,0.378342925,2481.425097220688,0
0,1,2,1720547097.805797,0.37973420027777777,2481.425097220688,0
0,1,2,1720547103.037124,0.3811873477777778,2481.425097220688,0
0,1,2,1720547108.0490673,0.38257954916666664,2481.425097220688,0
0,1,2,1720547113.0607936,0.3839716877777778,2481.425097220688,0
0,1,2,1720547118.07161,0.3853635944444444,2481.425097220688,0
1,1,3,1720547123.081094,0.3867551186111111,2290.5462435883273,0
0,1,2,1720547128.093409,0.38814742305555555,2290.5462435883273,0
0,1,2,1720547133.107673,0.38954027444444445,2290.5462435883273,0
0,1,2,1720547138.1179235,0.39093200666666666,2290.5462435883273,0
0,1,2,1720547143.1282465,0.3923237711111111,2290.5462435883273,0
0,1,2,1720547148.140898,0.39371616416666666,2290.5462435883273,0
0,1,2,1720547153.1550348,0.39510898305555553,2290.5462435883273,0
0,1,2,1720547158.1669698,0.3965011944444444,2290.5462435883273,0
0,1,2,1720547163.1759155,0.3978925697222222,2290.5462435883273,0
0,1,2,1720547168.18288,0.3992833913888889,2290.5462435883273,0
0,1,2,1720547173.1889675,0.4006739733333334,2290.5462435883273,0
0,1,2,1720547178.1970267,0.4020650963888889,2290.5462435883273,0
1,1,3,1720547183.2064235,0.40345659888888885,2114.3503786969177,0
0,1,2,1720547188.2243478,0.4048504644444444,2114.3503786969177,0
0,1,2,1720547193.2334266,0.4062418772222222,2114.3503786969177,0
0,1,2,1720547198.2378423,0.4076319947222222,2114.3503786969177,0
0,1,2,1720547203.2489176,0.4090239580555556,2114.3503786969177,0
0,1,2,1720547208.2565658,0.41041496833333335,2114.3503786969177,0
0,1,2,1720547213.2660794,0.4118064988888889,2114.3503786969177,0
0,1,2,1720547218.273003,0.41319731555555556,2114.3503786969177,0
0,1,2,1720547223.278888,0.4145878380555556,2114.3503786969177,0
0,1,2,1720547228.2859716,0.4159786947222222,2114.3503786969177,0
0,1,2,1720547233.2930977,0.4173695622222222,2114.3503786969177,0
0,1,2,1720547238.2992463,0.41876016055555554,2114.3503786969177,0
0,2,3,1720547243.3070219,0.4201512105555556,3154.9512726433086,0
0,1,2,1720547248.3149161,0.4215422930555556,3154.9512726433086,0
0,1,2,1720547253.368657,0.4229461033333334,3154.9512726433086,0
0,1,2,1720547258.4113657,0.4243468544444445,3154.9512726433086,0
0,1,2,1720547263.4196715,0.42573805861111114,3154.9512726433086,0
0,1,2,1720547268.4265935,0.4271288691666667,3154.9512726433086,0
0,1,2,1720547273.46007,0.42852705555555554,3154.9512726433086,0
0,1,2,1720547278.4776251,0.4299208233333333,3154.9512726433086,0
0,1,2,1720547283.4981976,0.43131542472222223,3154.9512726433086,0
0,1,2,1720547288.5044491,0.4327060527777778,3154.9512726433086,0
0,1,2,1720547293.5099127,0.4340964583333333,3154.9512726433086,0
0,1,2,1720547298.51653,0.4354871838888889,3154.9512726433086,0
1,1,3,1720547303.5239012,0.4368781188888889,2912.262713209208,0
0,1,2,1720547308.5895934,0.43828525638888893,2912.262713209208,0
0,1,2,1720547313.5977943,0.4396764261111111,2912.262713209208,0
0,1,2,1720547318.604414,0.4410671497222222,2912.262713209208,0
0,1,2,1720547323.627697,0.4424625075,2912.262713209208,0
0,1,2,1720547328.6430032,0.44385565,2912.262713209208,0
0,1,2,1720547333.667328,0.445251295,2912.262713209208,0
0,1,2,1720547338.6750379,0.44664232277777777,2912.262713209208,0
0,1,2,1720547343.682565,0.4480333036111111,2912.262713209208,0
0,1,2,1720547348.6891177,0.44942400694444445,2912.262713209208,0
0,1,2,1720547353.6987083,0.45081556638888887,2912.262713209208,0
0,1,2,1720547358.7049909,0.4522061997222222,2912.262713209208,0
1,1,3,1720547363.7104495,0.45359660777777777,2688.242504500807,0
0,1,2,1720547368.7158272,0.4549869902777777,2688.242504500807,0
0,1,2,1720547373.7221751,0.4563776394444444,2688.242504500807,0
0,1,2,1720547378.7283807,0.4577682522222222,2688.242504500807,0
0,1,2,1720547383.7350795,0.45915900111111113,2688.242504500807,0
0,1,2,1720547388.7427657,0.4605500255555556,2688.242504500807,0
0,1,2,1720547393.74868,0.4619405577777778,2688.242504500807,0
0,1,2,1720547398.7558472,0.46333143694444445,2688.242504500807,0
0,1,2,1720547403.7624233,0.46472215250000004,2688.242504500807,0
0,1,2,1720547408.7699943,0.4661131422222222,2688.242504500807,0
0,1,2,1720547413.7763817,0.4675038097222222,2688.242504500807,0
0,1,2,1720547418.7827783,0.4688944741666667,2688.242504500807,0
1,1,3,1720547423.7878814,0.4702847830555556,2481.4546195392068,0
0,1,2,1720547428.7938552,0.47167532888888886,2481.4546195392068,0
0,1,2,1720547433.7997296,0.47306585111111116,2481.4546195392068,0
0,1,2,1720547438.806324,0.4744565708333333,2481.4546195392068,0
0,1,2,1720547443.812691,0.4758472266666666,2481.4546195392068,0
0,1,2,1720547448.819994,0.47723814583333335,2481.4546195392068,0
0,1,2,1720547453.8265936,0.4786288658333333,2481.4546195392068,0
0,1,2,1720547458.8355947,0.48002025611111115,2481.4546195392068,0
0,1,2,1720547463.8444052,0.4814115927777778,2481.4546195392068,0
0,1,2,1720547468.852748,0.4828027977777778,2481.4546195392068,0
0,1,2,1720547473.8674352,0.48419576750000004,2481.4546195392068,0
0,1,2,1720547478.872919,0.4855861808333333,2481.4546195392068,0
1,1,3,1720547483.8786852,0.48697667,2290.573494959268,0
0,1,2,1720547488.8849115,0.48836728916666666,2290.573494959268,0
0,1,2,1720547493.891149,0.48975790916666667,2290.573494959268,0
0,1,2,1720547498.8976796,0.4911486122222222,2290.573494959268,0
0,1,2,1720547503.9043915,0.4925393666666667,2290.573494959268,0
0,1,2,1720547508.912288,0.49393045111111106,2290.573494959268,0
0,1,2,1720547513.9203193,0.49532157083333334,2290.573494959268,0
0,1,2,1720547518.9309413,0.4967134022222222,2290.573494959268,0
0,1,2,1720547523.9449146,0.4981061755555556,2290.573494959268,0
0,1,2,1720547528.9545262,0.4994977375,2290.573494959268,0
0,1,2,1720547533.9608088,0.5008883711111111,2290.573494959268,0
0,1,2,1720547538.9664521,0.5022788277777778,2290.573494959268,0
0,2,3,1720547543.9720633,0.5036692738888889,3317.618764577786,0
0,1,2,1720547548.9780643,0.5050598325,3317.618764577786,0
0,1,2,1720547554.148854,0.5064961644444445,3317.618764577786,0
0,1,2,1720547559.1564112,0.50788715,3317.618764577786,0
0,1,2,1720547564.1618028,0.5092775394444444,3317.618764577786,0
0,1,2,1720547569.1683948,0.5106682563888889,3317.618764577786,0
0,1,2,1720547574.1747296,0.5120589047222223,3317.618764577786,0
0,1,2,1720547579.1810575,0.5134495513888889,3317.618764577786,0
0,1,2,1720547584.2110925,0.5148467861111111,3317.618764577786,0
0,1,2,1720547589.2173877,0.516237421388889,3317.618764577786,0
0,1,2,1720547594.2239442,0.5176281311111112,3317.618764577786,0
1,1,3,1720547604.2601764,0.5204159763888889,3062.4173211487255,0
0,1,2,1720547609.2530782,0.5218028936111111,3062.4173211487255,0
0,1,2,1720547614.2607148,0.5231939016666667,3062.4173211487255,0
0,1,2,1720547619.3705688,0.5246133030555555,3062.4173211487255,0
0,1,2,1720547624.4289308,0.5260184038888889,3062.4173211487255,0
0,1,2,1720547629.4627094,0.5274166669444444,3062.4173211487255,0
0,1,2,1720547634.473858,0.5288086624999999,3062.4173211487255,0
0,1,2,1720547639.488395,0.5302015891666667,3062.4173211487255,0
0,1,2,1720547644.4973745,0.5315929697222223,3062.4173211487255,0
0,1,2,1720547649.5110757,0.5329856644444444,3062.4173211487255,0
0,1,2,1720547654.5488958,0.5343850577777778,3062.4173211487255,0
0,1,2,1720547659.642608,0.5357999824999999,3062.4173211487255,0
1,1,3,1720547664.6786988,0.5371988922222222,2826.8467579834387,0
0,1,2,1720547669.6895576,0.5385907958333334,2826.8467579834387,0
0,1,2,1720547674.7065167,0.5399843977777777,2826.8467579834387,0
0,1,2,1720547680.0005772,0.5414549744444445,2826.8467579834387,0
0,1,2,1720547685.0371172,0.5428540111111111,2826.8467579834387,0
0,1,2,1720547690.0734084,0.5442529766666666,2826.8467579834387,0
0,1,2,1720547695.1369514,0.5456595241666667,2826.8467579834387,0
0,1,2,1720547700.1526048,0.5470527569444444,2826.8467579834387,0
0,1,2,1720547705.1670532,0.5484456555555556,2826.8467579834387,0
0,1,2,1720547710.1777585,0.5498375255555555,2826.8467579834387,0
0,1,2,1720547715.1900332,0.5512298216666667,2826.8467579834387,0
0,1,2,1720547720.2030716,0.5526223338888889,2826.8467579834387,0
1,1,3,1720547725.2163732,0.5540149166666667,2609.397007369328,0
0,1,2,1720547730.226423,0.5554065955555555,2609.397007369328,0
0,1,2,1720547735.236948,0.5567984069444445,2609.397007369328,0
0,1,2,1720547740.2513282,0.5581912927777778,2609.397007369328,0
0,1,2,1720547745.2658973,0.5595842283333333,2609.397007369328,0
0,1,2,1720547750.277701,0.5609763863888889,2609.397007369328,0
0,1,2,1720547755.2886603,0.5623683277777778,2609.397007369328,0
0,1,2,1720547760.3017375,0.5637608522222223,2609.397007369328,0
0,1,2,1720547765.313846,0.5651531027777777,2609.397007369328,0
0,1,2,1720547770.3237317,0.56654474,2609.397007369328,0
0,1,2,1720547775.3366256,0.5679372091666667,2609.397007369328,0
0,1,2,1720547780.3503752,0.5693299166666667,2609.397007369328,0
1,1,3,1720547785.3650112,0.5707228713888889,2408.6741606486107,0
0,1,2,1720547790.3760862,0.5721148397222222,2408.6741606486107,0
0,1,2,1720547795.3885312,0.5735071816666666,2408.6741606486107,0
0,1,2,1720547800.4022074,0.5748998638888889,2408.6741606486107,0
0,1,2,1720547805.4148767,0.5762922786111111,2408.6741606486107,0
0,1,2,1720547810.4296482,0.57768526,2408.6741606486107,0
0,1,2,1720547815.4414234,0.5790774261111111,2408.6741606486107,0
0,1,2,1720547820.453067,0.5804695486111111,2408.6741606486107,0
0,1,2,1720547825.4656868,0.5818619486111112,2408.6741606486107,0
0,1,2,1720547830.4753635,0.583253526111111,2408.6741606486107,0
0,1,2,1720547835.4895446,0.5846463477777777,2408.6741606486107,0
0,1,2,1720547840.503188,0.5860390211111111,2408.6741606486107,0
0,2,3,1720547845.5135012,0.5874307783333333,3426.634763675641,0
0,1,2,1720547850.5241802,0.5888226369444445,3426.634763675641,0
0,1,2,1720547855.536702,0.5902150069444445,3426.634763675641,0
0,1,2,1720547860.5586715,0.5916099986111111,3426.634763675641,0
0,1,2,1720547865.6426399,0.5930222091666667,3426.634763675641,0
0,1,2,1720547870.6672833,0.5944179475,3426.634763675641,0
0,1,2,1720547875.8558452,0.5958592127777778,3426.634763675641,0
0,1,2,1720547880.948445,0.5972738247222222,3426.634763675641,0
0,1,2,1720547885.9886425,0.5986738797222222,3426.634763675641,0
0,1,2,1720547891.1102827,0.6000965588888889,3426.634763675641,0
0,1,2,1720547896.1192238,0.6014879308333333,3426.634763675641,0
0,1,2,1720547901.1392298,0.6028823736111111,3426.634763675641,0
1,1,2,1720547906.1579728,0.6042764727777777,3426.634763675641,0
0,1,3,1720547911.2393947,0.6056879774999999,3163.04747416213,0
0,1,2,1720547916.33382,0.6071030997222222,3163.04747416213,0
0,1,2,1720547921.778216,0.6086154288888889,3163.04747416213,0
0,1,2,1720547926.7944443,0.6100088241666667,3163.04747416213,0
0,1,2,1720547931.8465228,0.6114121738888889,3163.04747416213,0
0,1,2,1720547936.9335256,0.6128252358333334,3163.04747416213,0
0,1,2,1720547941.9863732,0.6142288066666667,3163.04747416213,0
0,1,2,1720547947.0397496,0.6156325163888889,3163.04747416213,0
0,1,2,1720547952.055284,0.6170257180555556,3163.04747416213,0
0,1,2,1720547957.0690696,0.6184184419444445,3163.04747416213,0
0,1,2,1720547962.0812042,0.619810698611111,3163.04747416213,0
1,1,3,1720547967.095128,0.6212034583333333,2919.7361299958125,0
0,1,2,1720547972.108543,0.6225960733333333,2919.7361299958125,0
0,1,2,1720547977.1178565,0.6239875527777778,2919.7361299958125,0
0,1,2,1720547982.1286879,0.6253794433333333,2919.7361299958125,0
0,1,2,1720547987.1434035,0.6267724238888889,2919.7361299958125,0
0,1,2,1720547992.1536274,0.6281641541666666,2919.7361299958125,0
0,1,2,1720547997.1673481,0.6295568536111111,2919.7361299958125,0
0,1,2,1720548002.179492,0.6309491116666667,2919.7361299958125,0
0,1,2,1720548007.193409,0.6323418705555556,2919.7361299958125,0
0,1,2,1720548012.2039738,0.6337336952777778,2919.7361299958125,0
0,1,2,1720548017.2177324,0.6351263922222222,2919.7361299958125,0
0,1,2,1720548022.2316709,0.6365191619444445,2919.7361299958125,0
1,1,3,1720548027.244433,0.6379115969444444,2695.1410430730575,0
0,1,2,1720548032.2540052,0.6393031508333333,2695.1410430730575,0
0,1,2,1720548037.2639978,0.6406948122222221,2695.1410430730575,0
0,1,2,1720548042.282109,0.6420887344444445,2695.1410430730575,0
0,1,2,1720548047.2949781,0.6434811933333333,2695.1410430730575,0
0,1,2,1720548052.3069012,0.6448733969444445,2695.1410430730575,0
0,1,2,1720548057.3189929,0.6462656375,2695.1410430730575,0
0,1,2,1720548062.3316295,0.6476580427777777,2695.1410430730575,0
0,1,2,1720548067.3434186,0.6490502044444444,2695.1410430730575,0
0,1,2,1720548072.3557785,0.6504425286111112,2695.1410430730575,0
0,1,2,1720548077.37227,0.6518359922222222,2695.1410430730575,0
0,1,2,1720548082.388752,0.6532294649999999,2695.1410430730575,0
1,1,3,1720548087.403883,0.654622555,2487.822501298207,0
0,1,2,1720548092.416688,0.6560150022222222,2487.822501298207,0
0,1,2,1720548097.4314446,0.6574079794444444,2487.822501298207,0
0,1,2,1720548102.439264,0.6587990502777779,2487.822501298207,0
0,1,2,1720548107.453614,0.6601919266666667,2487.822501298207,0
0,1,2,1720548112.4654472,0.6615840997222222,2487.822501298207,0
0,1,2,1720548117.4772153,0.6629762577777778,2487.822501298207,0
0,1,2,1720548122.4891927,0.6643684780555555,2487.822501298207,0
0,1,2,1720548127.5008788,0.6657606136111112,2487.822501298207,0
0,1,2,1720548132.5138283,0.6671530902777777,2487.822501298207,0
0,1,2,1720548137.5225716,0.6685443919444444,2487.822501298207,0
0,1,2,1720548142.534614,0.66993665,2487.822501298207,0
0,2,3,1720548147.6225235,0.6713499602777777,3499.694770429114,0
0,1,2,1720548152.7469835,0.6727734038888888,3499.694770429114,0
0,1,2,1720548158.0347984,0.6742422583333333,3499.694770429114,0
0,1,2,1720548163.134685,0.6756588933333333,3499.694770429114,0
0,1,2,1720548168.3103814,0.6770965797222223,3499.694770429114,0
0,1,2,1720548173.4012582,0.6785107169444445,3499.694770429114,0
0,1,2,1720548178.4136562,0.6799030508333334,3499.694770429114,0
0,1,2,1720548183.4249933,0.681295076388889,3499.694770429114,0
0,1,2,1720548188.441559,0.6826885758333333,3499.694770429114,0
0,1,2,1720548193.4537895,0.6840808619444445,3499.694770429114,0
0,1,2,1720548198.496608,0.6854816458333334,3499.694770429114,0
0,1,2,1720548203.6171868,0.6869040336111112,3499.694770429114,0
1,1,3,1720548208.628485,0.6882960569444444,3230.4874803961056,0
0,1,2,1720548213.7431085,0.6897167869444445,3230.4874803961056,0
0,1,2,1720548218.8640904,0.6911392786111111,3230.4874803961056,0
0,1,2,1720548223.904067,0.6925392766666667,3230.4874803961056,0
0,1,2,1720548228.9170601,0.6939317772222222,3230.4874803961056,0
0,1,2,1720548233.9273777,0.6953235202777779,3230.4874803961056,0
0,1,2,1720548238.9388227,0.6967155913888888,3230.4874803961056,0
0,1,2,1720548243.9499648,0.6981075780555556,3230.4874803961056,0
0,1,2,1720548248.9693735,0.6995018591666667,3230.4874803961056,0
0,1,2,1720548253.9807363,0.7008939063888888,3230.4874803961056,0
0,1,2,1720548258.9911435,0.7022856836111111,3230.4874803961056,0
0,1,2,1720548264.0001078,0.7036770661111111,3230.4874803961056,0
1,1,3,1720548269.0111372,0.705069018611111,2981.988443442559,0
0,1,2,1720548274.0230103,0.7064612011111111,2981.988443442559,0
0,1,2,1720548279.0354493,0.7078535472222223,2981.988443442559,0
0,1,2,1720548284.0480046,0.7092459188888889,2981.988443442559,0
0,1,2,1720548289.059815,0.7106380941666666,2981.988443442559,0
0,1,2,1720548294.0725071,0.7120305075,2981.988443442559,0
0,1,2,1720548299.0859027,0.713423115,2981.988443442559,0
0,1,2,1720548304.299401,0.7148713138888888,2981.988443442559,0
0,1,2,1720548309.309172,0.7162629147222221,2981.988443442559,0
0,1,2,1720548314.319997,0.7176548088888889,2981.988443442559,0
0,1,2,1720548319.3311498,0.7190468002777777,2981.988443442559,0
0,1,2,1720548324.3439503,0.7204392386111111,2981.988443442559,0
1,1,3,1720548329.3539886,0.7218309208333333,2752.604717023901,0
0,1,2,1720548334.3658626,0.7232231072222222,2752.604717023901,0
0,1,2,1720548339.3781185,0.7246154013888889,2752.604717023901,0
0,1,2,1720548344.3939128,0.7260086674999999,2752.604717023901,0
0,1,2,1720548349.4057932,0.7274008652777777,2752.604717023901,0
0,1,2,1720548354.4192588,0.7287934936111111,2752.604717023901,0
0,1,2,1720548359.4317317,0.7301858483333333,2752.604717023901,0
0,1,2,1720548364.4459138,0.7315786747222223,2752.604717023901,0
0,1,2,1720548369.458052,0.7329709366666667,2752.604717023901,0
0,1,2,1720548374.4695513,0.7343630197222222,2752.604717023901,0
0,1,2,1720548379.4850311,0.7357562105555555,2752.604717023901,0
0,1,2,1720548384.499956,0.7371492416666667,2752.604717023901,0
1,1,3,1720548389.5099843,0.7385409186111112,2540.865892637447,0
0,1,2,1720548394.523968,0.7399336833333334,2540.865892637447,0
0,1,2,1720548399.5346794,0.741325553888889,2540.865892637447,0
0,1,2,1720548404.5501897,0.7427187505555556,2540.865892637447,0
0,1,2,1720548409.5604842,0.7441104969444445,2540.865892637447,0
0,1,2,1720548414.5730224,0.7455028638888889,2540.865892637447,0
0,1,2,1720548419.5830548,0.7468945477777779,2540.865892637447,0
0,1,2,1720548424.595979,0.7482870291666667,2540.865892637447,0
0,1,2,1720548429.6063216,0.7496787847222223,2540.865892637447,0
0,1,2,1720548434.6197047,0.7510713944444444,2540.865892637447,0
0,1,2,1720548439.6321955,0.7524637577777779,2540.865892637447,0
0,1,2,1720548444.6449764,0.7538561916666666,2540.865892637447,0
0,2,3,1720548449.657753,0.7552486280555556,3548.657900896105,0
0,1,2,1720548454.6848042,0.7566450352777777,3548.657900896105,0
0,1,2,1720548459.695807,0.7580369791666667,3548.657900896105,0
0,1,2,1720548464.8029194,0.759455625,3548.657900896105,0
0,1,2,1720548469.9117913,0.7608747583333333,3548.657900896105,0
0,1,2,1720548474.9253092,0.7622673991666666,3548.657900896105,0
0,1,2,1720548479.9810987,0.7636717883333333,3548.657900896105,0
0,1,2,1720548485.0155568,0.7650702491666667,3548.657900896105,0
0,1,2,1720548490.0245123,0.7664616266666667,3548.657900896105,0
0,1,2,1720548495.0330727,0.7678528905555556,3548.657900896105,0
0,1,2,1720548500.0375357,0.7692430180555555,3548.657900896105,0
0,1,2,1720548505.041663,0.7706330544444444,3548.657900896105,0
1,1,3,1720548510.069113,0.7720295699999999,3275.684216211789,0
0,1,2,1720548515.0740879,0.7734198397222223,3275.684216211789,0
0,1,2,1720548520.0803661,0.7748104722222222,3275.684216211789,0
0,1,2,1720548525.0867038,0.7762011219444445,3275.684216211789,0
0,1,2,1720548530.1066153,0.7775955438888889,3275.684216211789,0
0,1,2,1720548535.114485,0.7789866175,3275.684216211789,0
0,1,2,1720548540.1215825,0.7803774755555556,3275.684216211789,0
0,1,2,1720548545.1269505,0.7817678561111111,3275.684216211789,0
0,1,2,1720548550.1329064,0.7831584008333333,3275.684216211789,0
0,1,2,1720548555.1389887,0.7845489777777778,3275.684216211789,0
0,1,2,1720548560.144623,0.7859394316666667,3275.684216211789,0
0,1,2,1720548565.1502373,0.7873298791666666,3275.684216211789,0
1,1,3,1720548570.1549416,0.7887200755555556,3023.708507272421,0
0,1,2,1720548575.1593983,0.7901102047222223,3023.708507272421,0
0,1,2,1720548580.165304,0.7915007319444444,3023.708507272421,0
0,1,2,1720548585.1708803,0.79289117,3023.708507272421,0
0,1,2,1720548590.1773286,0.7942818494444445,3023.708507272421,0
0,1,2,1720548595.1831257,0.7956723488888888,3023.708507272421,0
0,1,2,1720548600.1893108,0.7970629552777777,3023.708507272421,0
0,1,2,1720548605.195161,0.79845347,3023.708507272421,0
0,1,2,1720548610.2022583,0.7998443294444444,3023.708507272421,0
0,1,2,1720548615.2082021,0.80123487,3023.708507272421,0
0,1,2,1720548620.2139847,0.8026253647222222,3023.708507272421,0
0,1,2,1720548625.2201078,0.804015948611111,3023.708507272421,0
1,1,3,1720548630.2244794,0.8054060608333333,2791.115545174542,0
0,1,2,1720548635.2288053,0.8067961513888888,2791.115545174542,0
0,1,2,1720548640.2359204,0.8081870141666666,2791.115545174542,0
0,1,2,1720548645.24151,0.8095774555555556,2791.115545174542,0
0,1,2,1720548650.2468815,0.8109678361111111,2791.115545174542,0
0,1,2,1720548655.2527223,0.8123583480555555,2791.115545174542,0
0,1,2,1720548660.2582514,0.8137487727777778,2791.115545174542,0
0,1,2,1720548665.2644992,0.8151393975,2791.115545174542,0
0,1,2,1720548670.2700388,0.8165298249999999,2791.115545174542,0
0,1,2,1720548675.276034,0.8179203788888889,2791.115545174542,0
0,1,2,1720548680.2825851,0.8193110874999999,2791.115545174542,0
0,1,2,1720548685.2884648,0.82070161,2791.115545174542,0
1,1,3,1720548690.2931325,0.8220917977777777,2576.414349391885,0
0,1,2,1720548695.2977262,0.8234819627777777,2576.414349391885,0
0,1,2,1720548700.3041542,0.8248726344444444,2576.414349391885,0
0,1,2,1720548705.309753,0.8262630788888888,2576.414349391885,0
0,1,2,1720548710.3159707,0.8276536941666667,2576.414349391885,0
0,1,2,1720548715.321583,0.8290441427777778,2576.414349391885,0
0,1,2,1720548720.3284214,0.8304349305555556,2576.414349391885,0
0,1,2,1720548725.333827,0.8318253216666667,2576.414349391885,0
0,1,2,1720548730.3397467,0.8332158547222221,2576.414349391885,0
0,1,2,1720548735.345642,0.8346063813888889,2576.414349391885,0
0,1,2,1720548740.3516254,0.8359969316666667,2576.414349391885,0
0,1,2,1720548745.357824,0.8373875422222222,2576.414349391885,0
0,2,3,1720548750.3620722,0.8387776144444444,3581.471860977125,0
0,1,2,1720548755.3662078,0.8401676519444445,3581.471860977125,0
0,1,2,1720548760.3738053,0.8415586483333334,3581.471860977125,0
0,1,2,1720548765.436328,0.8429649072222223,3581.471860977125,0
0,1,2,1720548770.4419088,0.8443553444444444,3581.471860977125,0
0,1,2,1720548775.486152,0.8457565180555555,3581.471860977125,0
0,1,2,1720548780.6193912,0.8471824252777778,3581.471860977125,0
0,1,2,1720548785.6244316,0.8485727108333333,3581.471860977125,0
0,1,2,1720548790.6309218,0.8499634038888889,3581.471860977125,0
0,1,2,1720548795.6363473,0.8513537997222221,3581.471860977125,0
0,1,2,1720548800.6442602,0.8527448883333333,3581.471860977125,0
0,1,2,1720548805.7263732,0.8541565866666667,3581.471860977125,0
1,1,3,1720548810.7615976,0.85555526,3305.974025517346,0
0,1,2,1720548815.7859833,0.8569509233333332,3305.974025517346,0
0,1,2,1720548820.9577065,0.8583875097222222,3305.974025517346,0
0,1,2,1720548825.9629273,0.8597778494444444,3305.974025517346,0
0,1,2,1720548830.968923,0.8611684063888889,3305.974025517346,0
0,1,2,1720548835.9754941,0.8625591180555556,3305.974025517346,0
0,1,2,1720548840.9833455,0.8639501877777778,3305.974025517346,0
0,1,2,1720548845.9942307,0.8653421008333333,3305.974025517346,0
0,1,2,1720548851.0002801,0.8667326697222222,3305.974025517346,0
0,1,2,1720548856.006066,0.8681231658333334,3305.974025517346,0
0,1,2,1720548861.012794,0.8695139227777777,3305.974025517346,0
0,1,2,1720548866.0189722,0.8709045286111111,3305.974025517346,0
1,1,3,1720548871.0238976,0.8722947877777777,3051.668331246781,0
0,1,2,1720548876.0284429,0.8736849383333333,3051.668331246781,0
0,1,2,1720548881.0343266,0.8750754605555556,3051.668331246781,0
0,1,2,1720548886.0400183,0.8764659302777777,3051.668331246781,0
0,1,2,1720548891.0455635,0.8778563594444444,3051.668331246781,0
0,1,2,1720548896.0521088,0.8792470669444444,3051.668331246781,0
0,1,2,1720548901.0579598,0.8806375799999999,3051.668331246781,0
0,1,2,1720548906.063834,0.8820281013888889,3051.668331246781,0
0,1,2,1720548911.0702853,0.8834187813888889,3051.668331246781,0
0,1,2,1720548916.07611,0.8848092891666666,3051.668331246781,0
0,1,2,1720548921.0826805,0.8862000030555555,3051.668331246781,0
0,1,2,1720548926.088582,0.8875905316666667,3051.668331246781,0
1,1,3,1720548931.0928466,0.8889806069444444,2816.924613458567,0
0,1,2,1720548936.0970836,0.8903706730555555,2816.924613458567,0
0,1,2,1720548941.1025493,0.8917610775,2816.924613458567,0
0,1,2,1720548946.108586,0.8931516436111111,2816.924613458567,0
0,1,2,1720548951.114714,0.8945422347222223,2816.924613458567,0
0,1,2,1720548956.1203945,0.8959327016666667,2816.924613458567,0
0,1,2,1720548961.1281147,0.8973237352777779,2816.924613458567,0
0,1,2,1720548966.1343455,0.8987143544444445,2816.924613458567,0
0,1,2,1720548971.140352,0.9001049119444445,2816.924613458567,0
0,1,2,1720548976.1474917,0.9014957833333334,2816.924613458567,0
0,1,2,1720548981.154699,0.9028866747222223,2816.924613458567,0
0,1,2,1720548986.1610048,0.904277315,2816.924613458567,0
1,1,3,1720548991.1656017,0.905667483611111,2600.238104730985,0
0,1,2,1720548996.16983,0.9070575472222222,2600.238104730985,0
0,1,2,1720549001.176095,0.9084481738888889,2600.238104730985,0
0,1,2,1720549006.1823947,0.9098388127777778,2600.238104730985,0
0,1,2,1720549011.1889677,0.9112295275000001,2600.238104730985,0
0,1,2,1720549016.1950805,0.9126201144444445,2600.238104730985,0
0,1,2,1720549021.2012687,0.9140107219444444,2600.238104730985,0
0,1,2,1720549026.208712,0.9154016777777777,2600.238104730985,0
0,1,2,1720549031.2147388,0.9167922413888888,2600.238104730985,0
0,1,2,1720549036.2205741,0.9181827508333333,2600.238104730985,0
0,1,2,1720549041.2264626,0.9195732761111111,2600.238104730985,0
0,1,2,1720549046.2323453,0.9209637994444444,2600.238104730985,0
0,2,3,1720549051.236685,0.9223538952777779,3603.4630197516785,0
0,1,2,1720549056.2407773,0.9237439213888889,3603.4630197516785,0
0,1,2,1720549061.248327,0.9251349038888889,3603.4630197516785,0
0,1,2,1720549066.254181,0.926525418888889,3603.4630197516785,0
0,1,2,1720549071.2839477,0.9279225777777778,3603.4630197516785,0
0,1,2,1720549076.290462,0.9293132761111111,3603.4630197516785,0
0,1,2,1720549081.343877,0.9307170022222222,3603.4630197516785,0
0,1,2,1720549086.3529675,0.9321084194444444,3603.4630197516785,0
0,1,2,1720549091.3582804,0.9334987819444445,3603.4630197516785,0
0,1,2,1720549096.363608,0.934889151388889,3603.4630197516785,0
0,1,2,1720549101.3693385,0.9362796333333333,3603.4630197516785,0
0,1,2,1720549106.3769505,0.9376706336111111,3603.4630197516785,0
1,1,3,1720549111.4058776,0.9390675588888888,3326.2735566938572,0
0,1,2,1720549116.4435592,0.9404669163888889,3326.2735566938572,0
0,1,2,1720549121.4946744,0.9418699925,3326.2735566938572,0
0,1,2,1720549126.5037322,0.943261405,3326.2735566938572,0
0,1,2,1720549131.5320766,0.9446581711111112,3326.2735566938572,0
0,1,2,1720549136.536857,0.94604838,3326.2735566938572,0
0,1,2,1720549141.5414572,0.9474385530555556,3326.2735566938572,0
0,1,2,1720549146.5464776,0.9488288341666666,3326.2735566938572,0
0,1,2,1720549151.552196,0.9502193141666666,3326.2735566938572,0
0,1,2,1720549156.557211,0.9516095944444444,3326.2735566938572,0
0,1,2,1720549161.5623257,0.9529999055555556,3326.2735566938572,0
0,1,2,1720549166.5669966,0.9543900922222223,3326.2735566938572,0
1,1,3,1720549171.570861,0.9557800555555556,3070.406360025099,0
0,1,2,1720549176.5742085,0.9571698747222223,3070.406360025099,0
0,1,2,1720549181.57855,0.9585599683333333,3070.406360025099,0
0,1,2,1720549186.5854294,0.9599507675000001,3070.406360025099,0
0,1,2,1720549191.590955,0.9613411919444443,3070.406360025099,0
0,1,2,1720549196.5965428,0.9627316336111111,3070.406360025099,0
0,1,2,1720549201.6021357,0.9641220747222222,3070.406360025099,0
0,1,2,1720549206.610741,0.9655133552777777,3070.406360025099,0
0,1,2,1720549211.6152308,0.966903491388889,3070.406360025099,0
0,1,2,1720549216.6207647,0.9682939169444444,3070.406360025099,0
0,1,2,1720549221.6266491,0.9696844405555555,3070.406360025099,0
0,1,2,1720549226.633918,0.9710753483333334,3070.406360025099,0
1,1,3,1720549231.6387696,0.9724655858333333,2834.2212554077837,0
0,1,2,1720549236.6444972,0.9738560641666667,2834.2212554077837,0
0,1,2,1720549241.6501327,0.9752465180555555,2834.2212554077837,0
0,1,2,1720549246.6574123,0.9766374274999999,2834.2212554077837,0
0,1,2,1720549251.6625426,0.9780277430555556,2834.2212554077837,0
0,1,2,1720549256.6710813,0.9794190016666666,2834.2212554077837,0
0,1,2,1720549261.678307,0.9808098986111111,2834.2212554077837,0
0,1,2,1720549266.6821659,0.9821998608333333,2834.2212554077837,0
0,1,2,1720549271.6876247,0.9835902669444445,2834.2212554077837,0
0,1,2,1720549276.6947734,0.9849811413888888,2834.2212554077837,0
0,1,2,1720549281.7002952,0.9863715636111111,2834.2212554077837,0
0,1,2,1720549286.7075038,0.9877624541666666,2834.2212554077837,0
1,1,2,1720549291.7123468,0.989152688611111,2834.2212554077837,0
0,1,3,1720549296.7180283,0.9905431569444444,2616.204235761031,0
0,1,2,1720549301.7219164,0.991933125,2616.204235761031,0
0,1,2,1720549306.7291582,0.9933240247222221,2616.204235761031,0
0,1,2,1720549311.7341423,0.9947142991666666,2616.204235761031,0
0,1,2,1720549316.7410123,0.9961050961111111,2616.204235761031,0
0,1,2,1720549321.747044,0.9974956597222222,2616.204235761031,0
0,1,2,1720549326.7520976,0.9988859536111112,2616.204235761031,0
0,1,2,1720549331.7583191,1.0002765708333334,2616.204235761031,0
0,1,2,1720549336.764566,1.0016671944444444,2616.204235761031,0
0,1,2,1720549341.7706482,1.0030577641666667,2616.204235761031,0
0,1,2,1720549347.0827382,1.0045333527777778,2616.204235761031,0
